Screen Name,Twitter ID,Tweet Count,Follower Count,Favorites Count,Friends Count,Name,Created,Language,Latitude,Longitude,Location,Party,Extension round
beatflach,123362849,548,1028,287,524,Beat Flach,3/15/10 21:26,de,47.4165001,8.1326599,Auenstein,GLP,0
SusanneSlo,332184640,2180,3028,47,268,Leutenegger Oberholz,7/9/11 10:52,de,47.5358009,7.7114401,Augst,SP,0
cedricwermuth,21436172,3098,17052,92,1145,Cédric Wermuth,2/20/09 21:30,de,47.4806865,8.3101137,Baden,SP,0
BARTHASSAT,158049310,1,241,0,0,LUC BARTHASSAT,6/21/10 16:52,fr,46.1490211,6.10425,Bardonnex,CVP,0
d_stolz,915454916,76,293,0,84,Daniel Stolz,10/30/12 20:38,de,47.5674422,7.5975507,Basel,FDP,0
SchenkerSilvia,303319566,1257,761,456,446,Silvia Schenker,5/22/11 17:26,de,47.5674422,7.5975507,Basel,SP,0
alinetrede,264811652,1361,2113,456,743,aline trede,3/12/11 14:05,en,46.9479222,7.4446085,Berne,GPS,0
BDPSchweiz,226841200,425,657,70,216,BDP Schweiz,12/15/10 6:20,de,46.9479222,7.4446085,Berne,BDP,0
ChristaMarkwald,226922317,382,5890,115,1396,Christa Markwalder,12/15/10 12:40,de,46.9479222,7.4446085,Berne,FDP,0
cwasi,50444931,1752,4736,123,2021,Ch. Wasserfallen,6/24/09 21:22,de,46.9479222,7.4446085,Berne,FDP,0
eviallemann,217706717,242,2975,7,446,Evi Allemann,11/20/10 8:36,de,46.9479222,7.4446085,Berne,SP,0
evppev,50961230,387,1568,71,423,EVP Schweiz,6/26/09 7:19,de,46.9479222,7.4446085,Berne,EVP,0
FDP_Liberalen,39250641,1116,4218,0,2407,FDP.Die Liberalen,5/11/09 13:30,de,46.9479222,7.4446085,Berne,FDP,0
grunliberale,22799864,335,4516,1,105,Grünliberale Schweiz,3/4/09 17:02,de,46.9479222,7.4446085,Berne,GLP,0
ignaziocassis,270609583,161,1384,2,61,Ignazio Cassis,3/22/11 23:03,it,46.9479222,7.4446085,Berne,FDP,0
M_Aebischer,280789941,811,5383,4,725,Matthias Aebischer,4/12/11 1:20,de,46.9479222,7.4446085,Berne,SP,0
nmasshardt,1228066279,35,502,0,315,Nadine Masshardt,2/28/13 17:54,de,46.9479222,7.4446085,Berne,SP,0
B_Haeberli,213648250,30,332,0,1,Brigitte Häberli,11/9/10 13:01,de,47.4481888,8.9222498,Bichelsee,CVP,0
Elisabeth_S_S,263582303,356,601,3,217,Elisabeth Schneider,3/10/11 9:45,de,47.5052109,7.5253501,Biel-Benken,CVP,0
Violapamherd,72560162,245,594,4,27,Viola Amherd,9/8/09 14:06,de,46.3128586,7.9818802,Brig,CVP,0
Valerie_Piller,621159422,17,248,0,167,Valérie Piller,6/28/12 17:26,fr,46.8166775,6.7857512,Cheyres,SP,0
RobiPanta,350198606,844,608,74,291,Roberta Pantani,8/7/11 11:03,it,45.8349334,9.0270226,Chiasso,RR,0
NeirynckJ,132904122,0,130,0,0,Jacques Neirynck,4/14/10 13:51,en,46.5254288,6.56113,Ecublens,CVP,0
AloisGmuer,372157087,21,152,0,0,Alois Gmür,9/12/11 7:42,de,47.1281161,8.744269,Einsiedeln,CVP,0
EdithGraf,246714911,54,473,1,153,Edith Graf-Litscher,2/3/11 9:49,de,47.5573039,8.899407,Frauenfeld,SP,0
enussbi,1052528581,696,1018,48,113,Eric Nussbaumer,1/1/13 12:47,de,47.5055008,7.7080898,Frenkendorf,SP,0
DdeBuman,627501106,31,973,0,690,Dominique de Buman,7/5/12 15:56,fr,46.8016663,7.1455683,Fribourg,CVP,0
Juerg_Grossen,463149099,48,669,0,40,Jürg Grossen,1/13/12 19:43,de,46.5878668,7.6497209,Frutigen,GLP,0
ahodgers,123293237,277,3136,0,65,Antonio Hodgers,3/15/10 16:37,fr,46.1983922,6.1422961,Geneva,GPS,0
CarloSommaruga,157431387,912,1293,22,381,Carlo Sommaruga,6/19/10 20:04,en,46.1983922,6.1422961,Geneva,SP,0
hhiltpold,35465127,1179,2249,41,1028,Hugues Hiltpold,4/26/09 13:35,en,46.1983922,6.1422961,Geneva,FDP,0
ManuelTornare,485885985,636,1196,6,219,Manuel Tornare,2/7/12 17:45,fr,46.1983922,6.1422961,Geneva,SP,0
thegreenpreside,274145004,18,350,0,1,Ueli Leuenberger,3/29/11 20:29,fr,46.1983922,6.1422961,Geneva,GPS,0
votrevoix,379014467,26,210,0,25,LilianeMauryPasquier,9/24/11 6:32,fr,46.1983922,6.1422961,Geneva,SVP,0
zanettiroberto,84155033,293,1251,0,45,Roberto Zanetti,10/21/09 20:27,de,47.1687012,7.5764298,Gerlafingen,SP,0
LandoltMartin,761741430,605,1588,366,301,Martin Landolt,8/16/12 15:19,de,47.0999985,9.0666666,Glarus,BDP,0
MullerAltermatt,458597614,1579,740,143,742,Stefan Müller,1/8/12 18:57,de,47.2958,7.59237,Herbetswil,CVP,0
Ch_Lohr,327254073,45,527,0,58,Christian Lohr,7/1/11 7:41,de,47.6441998,9.1802595,Kreuzlingen,CVP,0
berberatdidier,271271590,107,449,3,123,DidierBerberat,3/24/11 5:28,en,47.111833,6.838226,La Chaux-De-Fonds,SP,0
ada_marra,607353825,345,1821,11,976,Marra Ada,6/13/12 14:48,fr,46.5199617,6.6335971,Lausanne,SP,0
MaireJack,815578430,63,772,1,535,Maire Jacques-André,9/10/12 16:39,fr,46.9981995,6.72931,Les Ponts-de-Martel,SP,0
GTheiler,218951375,0,164,0,2,Theiler Georges,11/23/10 15:12,de,47.0500376,8.3089295,Lucerne,FDP,0
LorenzQuadri,323132835,825,1304,2,63,Lorenzo Quadri,6/24/11 9:28,it,46.0065117,8.9523121,Lugano,RR,0
MarinaCarobbio,847717320,492,1007,56,688,Marina Carobbio,9/26/12 16:40,it,46.2298012,9.0600004,Lumino,SP,0
SchmidFederer,45513818,2376,3352,908,581,Schmid Federer,6/8/09 6:25,de,47.2584991,8.6981602,Männedorf,CVP,0
C_Darbellay,214002886,267,3118,84,120,Christophe Darbellay,11/10/10 9:42,fr,46.1025948,7.0770551,Martigny,CVP,0
lombardi1956,804958800,200,1823,113,71,Filippo Lombardi,9/5/12 16:46,it,45.9556007,8.9451704,Melide,CVP,0
MarcoRomanoPPD,50262858,730,1564,37,1858,Marco Romano,6/24/09 9:37,it,45.8701215,8.9821281,Mendrisio,CVP,0
BernhardGuhl,113616426,1213,652,238,604,Bernhard Guhl,2/12/10 12:19,de,47.4236419,8.3056904,Niederrohrdorf,BDP,0
PascaleBruderer,241509277,104,6878,0,217,Pascale Bruderer,1/22/11 12:38,de,47.4881621,8.2873925,Nussbaumen,SP,0
fderder,619225869,157,1975,0,245,Fathi Derder,6/26/12 14:54,fr,46.5093,6.6616,Pully,FDP,0
jcschwaab,244437560,3209,2613,202,716,Jean Chr. Schwaab,1/29/11 9:11,fr,46.493507,6.735818,Riex,SP,0
I_Chevalley,149008275,321,937,0,53,Isabelle Chevalley,5/28/10 5:06,fr,46.513832,6.260272,Saint-George,GLP,0
MathiasReynard,406232148,1452,2100,216,643,Mathias Reynard,11/6/11 12:39,fr,46.2504311,7.3387198,Savièse,SP,0
JR_Fournier,317667338,0,87,0,0,Jean-René Fournier,6/15/11 8:48,fr,46.2308006,7.3848,Sion,CVP,0
PirminBischof,196646702,0,214,0,0,Pirmin Bischof,9/29/10 16:00,de,47.2086574,7.5379549,Solothurn,CVP,0
PaulRechsteiner,529478391,33,2456,0,118,Paul Rechsteiner,3/19/12 15:41,de,47.4216995,9.3750801,St. Gallen,SP,0
ChrMoergeli,490668732,430,5965,9,335,Christoph Mörgeli,2/12/12 19:54,de,47.2428694,8.7254092,Stäfa,SVP,0
alain_berset,214032204,157,17760,2,141,Alain Berset,11/10/10 11:49,fr,46.818188,8.227512,Switzerland,SP,0
AndreaCaroniAR,442685639,74,1271,0,129,Andrea Caroni,12/21/11 10:50,en,46.818188,8.227512,Switzerland,FDP,0
beaheim,67100346,244,674,0,14,Bea Heim,8/19/09 19:48,de,46.818188,8.227512,Switzerland,SP,0
ChristianLevrat,40872955,643,8028,11,298,Christian Levrat,5/18/09 13:31,de,46.818188,8.227512,Switzerland,SP,0
CVP_PDC,172375021,1902,1984,201,258,CVP PDC PPD PCD,7/29/10 15:19,de,46.818188,8.227512,Switzerland,CVP,0
GrueneCH,240161502,1343,3404,31,701,Grüne Schweiz,1/19/11 8:51,de,46.818188,8.227512,Switzerland,GPS,0
JayBadran,50047040,3096,5937,1480,879,Jacqueline Badran,6/23/09 17:52,de,46.818188,8.227512,Switzerland,SP,0
LuziStamm,350243582,4,274,0,0,Luzi Stamm,8/7/11 12:59,de,46.818188,8.227512,Switzerland,SVP,0
NordmannRoger,778644518,1046,1835,21,187,Roger Nordmann,8/24/12 17:35,fr,46.818188,8.227512,Switzerland,SP,0
PhilippHadorn,75777484,19,269,0,52,Philipp HADORN,9/20/09 12:29,de,46.818188,8.227512,Switzerland,SP,0
spschweiz,40681558,1965,7589,33,810,SP Schweiz,5/17/09 15:57,de,46.818188,8.227512,Switzerland,SP,0
SVPBrunner,61431883,24,2815,0,1,Brunner Toni,7/30/09 8:23,en,46.818188,8.227512,Switzerland,SVP,0
SVPch,168790724,215,830,0,92,SVP Schweiz,7/20/10 20:22,de,46.818188,8.227512,Switzerland,SVP,0
PierreRusconi,468715700,405,1087,208,335,Pierre Rusconi,1/19/12 20:50,it,46.331734,8.8004529,Ticino,SVP,0
RolandFischerNR,569406481,1,121,0,17,Roland Fischer,5/2/12 20:34,de,47.0892982,8.4045401,Udligenswil,GLP,0
ybuttet,271068328,2695,2270,98,901,Yannick Buttet,3/23/11 20:03,fr,46.1904614,7.5449226,Valais,CVP,0
CeslaAmarelle,522653287,78,634,5,149,Cesla Amarelle,3/12/12 22:57,en,46.635696,6.532072,Vaud,SP,0
IsabelleMoret,155823857,207,1816,7,103,Isabelle Moret,6/15/10 7:24,fr,46.5613135,6.536765,Vaud,FDP,0
yferi,227087638,227,988,0,972,Yvonne Feri,12/15/10 21:47,de,47.4642156,8.3264616,Wettingen,SP,0
RuediNoser,304379532,1153,2048,58,335,Ruedi Noser,5/24/11 12:18,de,47.3263066,8.7997303,Wetzikon,FDP,0
lukasreimann,26531313,2580,4656,572,873,Lukas Reimann,3/25/09 16:30,en,47.465441,9.04232,Wil,SVP,0
YvonneGilli,107695453,4,305,0,6,Yvonne Gilli,1/23/10 12:04,de,47.4622002,9.0449896,Wil,GPS,0
jacquelinefehr,187267765,384,3934,50,518,Jacqueline Fehr,9/5/10 19:07,de,47.49995,8.7375646,Winterthur,SP,0
MarkusHutter,323159035,71,869,0,112,Markus Hutter,6/24/11 10:49,de,47.49995,8.7375646,Winterthur,FDP,0
NatalieRickli,190944081,1239,11304,13,564,Natalie Rickli,9/15/10 6:36,de,47.49995,8.7375646,Winterthur,SVP,0
bastiengirod,14077586,985,5607,129,297,Bastien Girod,3/4/08 12:25,en,47.3686498,8.5391825,Zurich,GPS,0
bglaettli,14675346,7413,5769,132,720,Balthasar Glättli,5/6/08 16:27,de,47.3686498,8.5391825,Zurich,GPS,0
F_Leutenegger,314187927,249,4271,2,58,Filippo Leutenegger,6/9/11 21:11,de,47.3686498,8.5391825,Zurich,FDP,0
FelixGutzwiller,28335590,47,1112,3,47,Felix Gutzwiller,4/2/09 13:20,de,47.3686498,8.5391825,Zurich,FDP,0
KathyRiklin,93878848,1099,3469,177,2003,"Kathy Riklin, Zürich",12/1/09 15:20,en,47.3686498,8.5391825,Zurich,CVP,0
atschuemperlin,711945170,6,124,2,0,Andy Tschümperlin,7/23/12 6:48,de,47.0198346,8.6473977,Schwyz,SP,0
BaGysi,2536865558,26,159,7,162,Barbara Gysi,5/31/14 7:44,de,47.4622002,9.0449896,Wil,SP,0
MartinaMunz,780565772,144,242,3,152,Martina Munz,8/25/12 15:54,de,47.683333,8.45,Hallau,SP,0
AlfredHeer,2527505330,21,292,8,368,Alfred Heer,5/27/14 13:47,de,47.5198977,8.5381102,Bülach,SVP,0
DanielVischerNR,1303420374,1,158,0,6,Daniel Vischer,3/26/13 10:37,de,47.3686498,8.5391825,Zurich,GPS,0
RegulaRytz,1530247224,559,842,1,107,Regula Rytz,6/19/13 9:10,de,46.9479222,7.4446085,Berne,GPS,0
MauroPoggia,1014806496,52,256,1,41,Mauro Poggia,12/16/12 9:16,fr,46.1983922,6.1422961,Geneva,RR,0
RobertCramer_GE,2536784770,20,175,4,39,Robert Cramer,5/9/14 9:27,fr,46.1983922,6.1422961,Geneva,GPS,0
BulliardMarbach,1360306513,187,330,9,346,Christine Bulliard,4/17/13 20:24,fr,46.866667,7.316667,Ueberstorf,CVP,0
idamicha,444935177,41,213,13,145,Ida Glanzmann,12/23/11 20:26,de,47.2,7.966667,Altishofen,CVP,0
PetraGoessi,365423665,1,83,0,82,Petra Gössi,8/31/11 12:23,de,47.3686498,8.5391825,Zurich,FDP,0
MarianneStreiff,2226700633,67,247,4,170,Marianne Streiff,12/2/13 13:48,de,47.033333,7.5,Urtenen-Schönbühl,EVP,0
ammannsi,196051480,7,11,1,66,Silvano Ammann,9/28/10 6:03,de,47.3934,8.04312,Aarau,FDP,1
anundfuereuch,442530817,1837,545,1884,502,Claudia Mauchle ☮,12/21/11 6:20,de,47.3934,8.04312,Aarau,SP,1
BeatriceGubser,479773277,8,3,0,12,Beatrice Gubser,1/31/12 19:08,de,47.3934,8.04312,Aarau,CVP,1
CHochreuter,350349473,28391,40,1,113,Clemens Hochreuter,8/7/11 16:40,de,47.3934,8.04312,Aarau,SVP,1
GrueneAarau,2277862982,66,77,16,97,Grüne Aarau,1/5/14 17:11,de,47.3934,8.04312,Aarau,GPS,1
irenenaef,39008335,2,35,0,59,Irene Näf,5/10/09 6:19,de,47.3934,8.04312,Aarau,CVP,1
itmrp,556947163,356,284,106,430,Itamar Piller,4/18/12 15:10,de,47.3934,8.04312,Aarau,GPS,1
jfsaale,307453539,2,28,1,14,jungfreisinnige aale,5/29/11 17:24,de,47.3934,8.04312,Aarau,FDP,1
JUSOAargau,1155222188,60,250,24,316,JUSO Aargau,2/6/13 21:58,de,47.3934,8.04312,Aarau,SP,1
SP_Kt_AG,273980508,14,228,1,36,SP Kanton Aargau,3/29/11 14:05,de,47.3934,8.04312,Aarau,SP,1
FDP_Aarberg,1446669211,4,1,0,6,FDP Aarberg,5/21/13 15:37,de,47.04311,7.27338,Aarberg,FDP,1
gruene_aargau,19389317,2134,768,24,392,Grüne Aargau,1/23/09 10:34,de,47.3876664,8.2554295,Aargau,GPS,1
JungeCVP_Aargau,2342425957,20,80,14,144,JCVP Aargau,2/13/14 18:42,de,47.3876664,8.2554295,Aargau,CVP,1
paula__abigail,523197324,145,50,91,46,Paula Abigail,3/13/12 12:23,de,47.3876664,8.2554295,Aargau,SP,1
zollingersven,495105424,440,211,407,492,Sven Zollinger,2/17/12 16:12,de,47.338154,8.763464,Aathal-Seegräben,FDP,1
Glenn_Steiger,439500471,334,107,175,170,Glenn Steiger,12/17/11 21:25,de,47.1746407,8.3546104,Abtwil,CVP,1
peterschaub,43526451,31,94,2,36,Peter Schaub,5/30/09 13:20,de,47.1746407,8.3546104,Abtwil,SVP,1
zaengerle,249371715,296,136,0,66,Pius Zängerle,2/8/11 22:35,de,47.0707597,8.3665612,Adligenswil,CVP,1
chri_koch,2274421039,44,54,12,55,Christine Koch,1/3/14 12:08,de,47.4683347,7.5945409,Aesch,SP,1
JanKirchmayr,476686304,1162,319,706,349,Jan Kirchmayr,1/28/12 11:32,de,47.4683347,7.5945409,Aesch,SP,1
PaulineHaering,225939918,229,77,286,78,Pauline Häring,12/12/10 21:41,de,47.4683347,7.5945409,Aesch,CVP,1
SPAeschPfeff,1680713539,26,30,1,31,SP Aesch-Pfeffingen,8/18/13 13:07,de,47.4683347,7.5945409,Aesch,SP,1
LukasManser,474779455,762,276,163,585,Lukas Manser,1/26/12 10:20,de,47.52654,9.03093,Affeltrangen,FDP,1
PhilippBuechner,228152260,1138,328,1445,460,Philipp Büchner,12/18/10 21:50,de,47.2762985,8.4579401,Affoltern am Albis,CVP,1
CBarbezat,2225511675,56,25,31,86,Christophe Barbezat,12/14/13 16:25,fr,46.3210983,6.95332,Aigle,CVP,1
Chuebu,187809373,779,143,634,350,Stefan Kesselring,9/7/10 5:50,de,46.9146996,7.52422,Allmendingen,FDP,1
ThomasPfaff,20470951,221,59,3,32,Thomas Pfaff,2/9/09 21:51,de,47.5504749,7.5355563,Allschwil,SP,1
Bloechlinger_P,2340290748,30,11,2,38,Pascal Blöchlinger,2/12/14 12:53,de,46.8778929,8.6405494,Altdorf,SVP,1
ChristophFGraf,255008496,1248,441,12,780,Christoph Graf,2/20/11 13:35,de,47.377791,9.5498171,Altstätten,FDP,1
roth_urs,1318591207,0,3,0,31,Urs Roth,3/31/13 15:25,de,47.1491606,9.141151,Amden,CVP,1
maberner,313901005,91,60,0,57,Markus Berner,6/9/11 11:55,de,47.5299198,9.3107061,Amriswil,BDP,1
UDCAnniviers,2225102394,0,12,0,20,UDC Anniviers,12/1/13 15:03,fr,46.2,7.5833333,Anniviers,SVP,1
jungfreisinnAR,304906464,25,61,0,44,jungfreisinnige AR,5/25/11 9:29,de,47.3308044,9.4087063,Appenzell,FDP,1
sp_appeninner,704830964,85,109,3,154,SP AI,7/19/12 10:46,de,47.3308044,9.4087063,Appenzell,SP,1
BDPArbon,422495754,8,26,0,7,BDP Arbon,11/27/11 9:57,de,47.516719,9.4316052,Arbon,BDP,1
PDCArdon,2441939737,11,10,0,51,PDC d'Ardon,4/13/14 16:29,fr,46.2097015,7.2557998,Ardon,CVP,1
BalzStuecki,71233684,557,490,32,150,Balz Stückelberger,9/3/09 11:50,de,47.4963258,7.617419,Arlesheim,FDP,1
MDudler81,569251325,179,57,12,152,Markus Dudler,5/2/12 16:57,de,47.4963258,7.617419,Arlesheim,CVP,1
SDeletroz,330861188,9,115,1,31,Sébastien Délétroz,7/7/11 8:16,fr,46.27655,7.40582,Ayent,CVP,1
anlustenberger,41081201,2816,773,1174,855,Andreas Lustenberger,5/19/09 8:43,de,47.19537,8.52439,Baar,GPS,1
Beni_Riedi,401297286,85,120,1,224,Beni Riedi,10/30/11 10:26,de,47.19537,8.52439,Baar,SVP,1
DominikZehnder,372267716,78,38,1,42,Dominik Zehnder,9/12/11 13:19,de,47.2013092,8.72791,Bäch,FDP,1
FrickerJonas,182760916,559,375,38,346,Jonas Fricker,8/25/10 10:00,de,47.4806865,8.3101137,Baden,GPS,1
PhilippBachmann,519776279,169,85,29,126,Philipp Bachmann,3/9/12 20:02,de,47.4806865,8.3101137,Baden,GLP,1
PeterHergerFDP,185249415,162,97,1,192,Peter Herger,8/31/10 15:08,de,47.33813,8.85835,Bäretswil,FDP,1
aninaineichen,275025167,627,359,130,506,anina ineichen,3/31/11 13:51,de,47.5674422,7.5975507,Basel,GPS,1
BaschiDuerr,316344890,329,858,12,112,Baschi Dürr,6/13/11 9:31,de,47.5674422,7.5975507,Basel,FDP,1
beatrizgreuter,308676603,159,140,2,31,beatriz greuter,5/31/11 20:21,de,47.5674422,7.5975507,Basel,SP,1
BsBDP,1110083100,424,149,69,366,BDP Basel-Stadt,1/21/13 21:10,de,47.5674422,7.5975507,Basel,BDP,1
Daniele_Rocca,292204220,105,45,0,36,Daniele Rocca,5/3/11 8:24,de,47.5674422,7.5975507,Basel,FDP,1
EdibeGoelgeli,69240911,1513,406,119,642,Edibe Goelgeli,8/27/09 8:41,de,47.5674422,7.5975507,Basel,SP,1
EmmanuelUllmann,558379658,833,218,22,205,Emmanuel Ullmann,4/20/12 6:33,de,47.5674422,7.5975507,Basel,GLP,1
glp_BaselStadt,475912128,19,54,0,30,glp_Basel-Stadt,1/27/12 15:34,de,47.5674422,7.5975507,Basel,GLP,1
goetzlich,399324739,107,266,3,271,Christian Götz,10/27/11 10:12,de,47.5674422,7.5975507,Basel,SP,1
HubertAckermann,1117756470,88,44,2,127,hubert ackermann,1/24/13 21:15,de,47.5674422,7.5975507,Basel,BDP,1
JoelThuering,61464083,2504,453,3,669,Joël Thüring,7/30/09 11:35,de,47.5674422,7.5975507,Basel,SVP,1
jusobl,93440268,714,387,33,84,JUSO Baselland,11/29/09 17:18,de,47.5674422,7.5975507,Basel,SP,1
JusoBS,181914539,491,359,0,51,Juso Basel-Stadt,8/23/10 10:49,de,47.5674422,7.5975507,Basel,SP,1
LeventMorandini,241063025,39,13,1,30,Levent Morandini,1/21/11 11:05,de,47.5674422,7.5975507,Basel,FDP,1
LisaMathys,325095106,5015,821,1931,663,Lisa Mathys,6/27/11 18:41,de,47.5674422,7.5975507,Basel,SP,1
LorenzNaegelin,569841991,52,100,1,135,Lorenz Nägelin,5/3/12 9:44,de,47.5674422,7.5975507,Basel,SVP,1
lucaurgese,48692805,929,471,9,335,Luca Urgese,6/19/09 12:33,de,47.5674422,7.5975507,Basel,FDP,1
MartinaBasel,354855525,448,193,8,270,martina bernasconi,8/14/11 12:19,de,47.5674422,7.5975507,Basel,GLP,1
MartinKrumm,1110088908,3253,323,2546,606,Martin Krumm ,1/21/13 21:15,de,47.5674422,7.5975507,Basel,BDP,1
micwue,274595014,135,190,0,74,Michael Wüthrich,3/30/11 16:06,de,47.5674422,7.5975507,Basel,GPS,1
MirkoLischer,1148438900,1026,173,527,395,Mirko Lischer ميركو,2/4/13 16:22,de,47.5674422,7.5975507,Basel,SP,1
moringuy,57926938,336,1447,4,455,Guy Morin,7/18/09 13:00,de,47.5674422,7.5975507,Basel,GPS,1
n_vulin,1272980334,318,115,198,210,Nikola Vulin,3/16/13 18:28,de,47.5674422,7.5975507,Basel,SP,1
Nickygoesnet,566257947,17,13,2,53,Nicole Kuster,4/29/12 10:14,de,47.5674422,7.5975507,Basel,SP,1
Pascal__Rey,2392717454,46,22,19,83,Pascal Rey,3/16/14 13:27,de,47.5674422,7.5975507,Basel,SVP,1
PascalPfister,461650943,1405,506,1024,829,Pascal Pfister,1/12/12 1:25,de,47.5674422,7.5975507,Basel,SP,1
RetoHaener,477133011,31,38,0,57,Reto Häner,1/28/12 21:40,de,47.5674422,7.5975507,Basel,SP,1
seiler_daniel,802094864,653,106,144,204,Daniel Seiler,9/4/12 9:10,de,47.5674422,7.5975507,Basel,FDP,1
SPBaselStadt,291683688,200,515,5,283,SPBaselStadt,5/2/11 13:05,de,47.5674422,7.5975507,Basel,SP,1
TheresErni,1372091803,24,22,3,57,Theres Erni,4/22/13 12:58,de,47.5674422,7.5975507,Basel,BDP,1
UCamlibel,821698375,241,5678,253,1971,Talha Ugur Camlibel,9/13/12 15:24,de,47.5674422,7.5975507,Basel,GPS,1
transparenzBL,314093272,110,40,3,15,Mehr Transparenz!,6/9/11 18:09,de,47.4418122,7.7644002,Basel-Landschaft,SP,1
PfallerCH,498773440,104,76,53,113,Christian Pfaller,2/21/12 12:07,de,47.4426816,8.6277587,Bassersdorf,SVP,1
PhTschopp,357461846,5,23,9,62,Philippe Tschopp,8/18/11 12:02,de,47.2663803,8.2028999,Beinwil am See,BDP,1
maxarifay,34129040,392,394,14,985,Massimiliano Arif AY,4/22/09 1:29,it,46.1984944,9.0269178,Bellinzona,RL,1
Sandro_Morelli,68384070,138,112,8,278,Sandro Morelli,8/24/09 11:15,de,47.19596,9.00632,Benken,CVP,1
aaschaer,255586712,5,6,2,1076,andreas schär,2/21/11 17:29,de,46.9479222,7.4446085,Berne,GLP,1
AdrianSpahr,491171859,716,268,141,292,Adrian Spahr,2/13/12 10:16,de,46.9479222,7.4446085,Berne,SVP,1
ArnaudBon20,730678424,1448,275,20,547,Arnaud Bonvin,8/1/12 13:22,fr,46.9479222,7.4446085,Berne,FDP,1
BeatGubser,67111137,730,324,1,246,Beat Gubser,8/19/09 20:26,de,46.9479222,7.4446085,Berne,RR,1
BeniHochuli,843340820,4142,168,181,153,Der Bestatter Privat,9/24/12 10:32,de,46.9479222,7.4446085,Berne,EVP,1
BernhardEicher,442204065,2,73,0,10,Bernhard Eicher,12/20/11 21:30,de,46.9479222,7.4446085,Berne,FDP,1
blaisekropf,1623070765,235,284,63,174,Blaise Kropf,7/26/13 14:12,de,46.9479222,7.4446085,Berne,GPS,1
Buehler4Bern,2172700965,55,73,0,127,Manfred Bühler,11/7/13 22:34,fr,46.9479222,7.4446085,Berne,SVP,1
bwertli,15045769,1638,1311,261,698,beatrice wertli,6/8/08 10:06,de,46.9479222,7.4446085,Berne,CVP,1
Captainhenry46,103823225,0,1,0,15,Henry Bodmer,1/11/10 10:56,de,46.9479222,7.4446085,Berne,SVP,1
cuboesch,39239820,1710,337,1176,517,Chirac isst Bohne,5/11/09 12:19,de,46.9479222,7.4446085,Berne,SP,1
cvpbe,321526434,389,181,47,84,CVP Stadt & Kt. Bern,6/21/11 18:24,de,46.9479222,7.4446085,Berne,CVP,1
evppev_be,1701471126,137,69,46,2,EVP Kanton Bern,8/26/13 10:07,de,46.9479222,7.4446085,Berne,EVP,1
EVPStadtBern,403037326,302,89,0,61,EVP Stadt Bern,11/1/11 22:53,de,46.9479222,7.4446085,Berne,EVP,1
FDPFrauen,233159904,2,268,0,39,FDP Frauen,1/2/11 13:20,de,46.9479222,7.4446085,Berne,FDP,1
fteuscher,246263992,338,2044,2,700,Franziska Teuscher,2/2/11 13:29,de,46.9479222,7.4446085,Berne,GPS,1
glauser_bern,811101091,569,384,63,930,Simon Glauser,9/8/12 15:05,de,46.9479222,7.4446085,Berne,SVP,1
gpbda,321943263,93,80,2,76,GrünAlternative,6/22/11 11:39,de,46.9479222,7.4446085,Berne,GPS,1
HenriBeuchat,551712160,651,214,34,412,Beuchat Henri,4/12/12 9:33,de,46.9479222,7.4446085,Berne,SVP,1
huber363,614217497,3,2,0,7,Michael Huber,6/21/12 10:59,de,46.9479222,7.4446085,Berne,FDP,1
jfstadtbern,149195370,57,117,0,22,jfstadtbern,5/28/10 17:20,de,46.9479222,7.4446085,Berne,FDP,1
jglpCH,2156912688,49,116,8,89,Junge Grünliberale,10/26/13 14:04,de,46.9479222,7.4446085,Berne,GLP,1
jGruene_jVertEs,299483104,2614,1074,387,659,Junge Grüne Schweiz,5/16/11 5:05,de,46.9479222,7.4446085,Berne,GPS,1
joenutsueri,243827369,351,484,135,368,Jonas Zürcher,1/27/11 22:17,de,46.9479222,7.4446085,Berne,SP,1
jungegruenebern,277983441,459,446,29,265,Junge Grüne Kt. Bern,4/6/11 11:13,de,46.9479222,7.4446085,Berne,GPS,1
JusoSchweiz,49936613,567,3119,27,99,JUSO Schweiz,6/23/09 9:58,de,46.9479222,7.4446085,Berne,SP,1
KathrinJuliaB,356049665,3,21,1,53,Kathrin Beeler,8/16/11 8:10,de,46.9479222,7.4446085,Berne,SP,1
LaJuGa,48387950,242,77,38,68,Laura Gantenbein,6/18/09 15:43,de,46.9479222,7.4446085,Berne,GPS,1
LauraCurau,198977198,2133,994,1404,890,Laura Curau,10/5/10 18:31,de,46.9479222,7.4446085,Berne,CVP,1
MA_Aebersold,2299620997,25,89,4,105,Michael Aebersold,1/19/14 12:41,de,46.9479222,7.4446085,Berne,SP,1
marcjost,111710939,1498,563,210,503,Marc Jost,2/5/10 22:23,de,46.9479222,7.4446085,Berne,EVP,1
MarkusTroxler,829094474,12,65,0,24,Markus Troxler,9/17/12 13:45,de,46.9479222,7.4446085,Berne,FDP,1
martinkeller4si,248265279,106,58,9,221,Martin Keller,2/6/11 16:39,de,46.9479222,7.4446085,Berne,SP,1
matra_bern,117734622,700,210,1,206,Martin Trachsel,2/26/10 12:51,de,46.9479222,7.4446085,Berne,EVP,1
Max_Ammann,271071122,68,63,13,85,Max Ammann,3/23/11 20:10,de,46.9479222,7.4446085,Berne,FDP,1
natalieimboden,108401646,631,255,138,369,Natalie Imboden,1/25/10 20:51,de,46.9479222,7.4446085,Berne,GPS,1
PascalRub,90157099,11,80,1,31,Pascal Rub,11/15/09 13:04,de,46.9479222,7.4446085,Berne,FDP,1
PeterSigerist,347291776,1582,224,439,522,Peter Sigerist,8/2/11 15:31,de,46.9479222,7.4446085,Berne,GPS,1
PLR_Suisse,39216969,459,991,0,198,PLR Suisse,5/11/09 8:30,fr,46.9479222,7.4446085,Berne,FDP,1
PSSuisse,368229364,687,1193,4,130,PS Suisse,9/5/11 9:09,fr,46.9479222,7.4446085,Berne,SP,1
regulatschanz,254674942,234,365,67,595,Regula Tschanz,2/19/11 19:27,de,46.9479222,7.4446085,Berne,GPS,1
rennerbach,314113195,0,11,0,12,Judith Renner-Bach,6/9/11 18:46,de,46.9479222,7.4446085,Berne,SVP,1
RithyChheng,374030786,45,149,6,54,Rithy Chheng,9/15/11 15:53,de,46.9479222,7.4446085,Berne,SP,1
SavMichel,1712590368,19,8,2,19,Michel Savary,8/30/13 12:24,de,46.9479222,7.4446085,Berne,GPS,1
schneiderluk,347941656,3,0,0,12,Luk Schneider,8/3/11 16:28,de,46.9479222,7.4446085,Berne,SP,1
Schwitzguebel,416320486,251,336,2,138,Schwitzguebel Xavier,11/19/11 14:37,fr,46.9479222,7.4446085,Berne,SVP,1
SP_BernAltstadt,151451075,18,77,0,62,SP Bern Altstadt,6/3/10 12:51,de,46.9479222,7.4446085,Berne,SP,1
SPBernNord,942485048,31,93,1,61,SP Bern Nord,11/11/12 23:45,de,46.9479222,7.4446085,Berne,SP,1
StefanJordi,2191637165,19,58,2,40,Stefan Jordi,11/22/13 17:44,de,46.9479222,7.4446085,Berne,SP,1
svp_wahlen_2011,278470791,80,131,0,2,SVP Wahlkampf 2011,4/7/11 10:28,de,46.9479222,7.4446085,Berne,SVP,1
vertliberaux,115667457,70,542,0,15,Vert'libéraux Suisse,2/19/10 13:48,fr,46.9479222,7.4446085,Berne,GLP,1
yayaso5,77849912,12555,378,3962,530,Yannick,9/27/09 22:23,de,46.9479222,7.4446085,Berne,CVP,1
danielhuegli,89290818,16,37,0,22,Daniel Hügli,11/11/09 21:44,de,47.1401866,7.2437727,Biel/Bienne,SP,1
fdpbielseeland,98888052,73,135,0,40,FDP Biel Seeland,12/23/09 14:12,de,47.1401866,7.2437727,Biel/Bienne,FDP,1
glpBielBienne,558140035,83,85,5,29,glp Biel/Bienne,4/19/12 23:12,de,47.1401866,7.2437727,Biel/Bienne,GLP,1
Julian_RodrU,2468155063,3,27,3,183,Julián Rodriguez,4/28/14 18:56,de,47.1401866,7.2437727,Biel/Bienne,SP,1
mlederrey,286218454,153,82,3,182,Maxime Lederrey,4/22/11 15:35,de,47.1401866,7.2437727,Biel/Bienne,FDP,1
SashaEdelmann,2190017003,63,34,3,25,Sasha Edelmann,11/21/13 15:02,fr,47.1401866,7.2437727,Biel/Bienne,FDP,1
SVP_Biel,296657224,1112,164,1,134,SVP Biel / JSVP Biel,5/11/11 5:30,de,47.1401866,7.2437727,Biel/Bienne,SVP,1
SVP_Schneider,253242081,1255,419,7,343,Sandra Schneider,2/16/11 21:08,de,47.1401866,7.2437727,Biel/Bienne,SVP,1
SPZue,213196806,139,10,0,11,Stephan Zürcher,11/8/10 7:20,de,47.5419,7.57504,Binningen,SP,1
nexus88,23084681,3,29,2,20,Martin Missfelder,3/6/09 16:36,de,47.3550786,8.4405111,Birmensdorf,CVP,1
SPBirsfelden,1001938357,589,52,2,100,SP Birsfelden,12/10/12 15:49,de,47.5537719,7.6279041,Birsfelden,SP,1
GuidoWalker,1258972501,51,28,1,71,Guido Walker,3/11/13 8:50,de,46.3320999,8.01284,Bitsch,CVP,1
cyrfau,1009094678,26,110,0,97,Cyrille Fauchère,12/13/12 15:42,fr,46.2301216,7.4026799,Bramois,SVP,1
AndreasSchwab_,744829634,58,32,6,102,Andreas Schwab,8/8/12 9:17,de,46.9785004,7.4379902,Bremgarten,SP,1
fschoeni,380203773,63,137,3,253,F. Schöni-Affolter,9/26/11 7:45,de,46.9785004,7.4379902,Bremgarten,GLP,1
SPBriGliNa,368870959,226,57,0,53,SP Brig-Glis-Naters,9/6/11 11:13,de,46.3158302,7.98769,Brig,SP,1
SaSollberger,556256043,116,54,7,42,Sandra Sollberger,4/17/12 18:17,de,47.44806,7.73611,Bubendorf,SVP,1
joelblunier,237719055,187,309,5,250,Joel Blunier,1/13/11 13:32,de,47.3900986,8.066109,Buchs,EVP,1
claudio_schmid,2231435263,861,746,1770,1176,Claudio Schmid,12/5/13 12:50,de,47.5198977,8.5381102,Bülach,SVP,1
WernerBechtel,876286676,2284,152,181,465,Werni Bechtel,10/12/12 19:41,de,47.5198977,8.5381102,Bülach,SVP,1
PierreKaelin,303413745,15,6,0,7,Pierre Kaelin,5/22/11 20:39,fr,46.6132011,7.0538101,Bulle,CVP,1
PierreMauron,572650692,59,184,0,237,Pierre Mauron,5/6/12 12:09,fr,46.6132011,7.0538101,Bulle,SP,1
AndreaLuthi,410678629,776,120,5,126,Andrea Lüthi,11/12/11 12:24,de,47.0491982,7.6255002,Burgdorf,SP,1
grimmfuchs7,1131695606,51,53,10,86,Christoph Grimm,1/29/13 17:46,de,47.0491982,7.6255002,Burgdorf,GLP,1
KindDesRegens,463801306,57,38,2,126,Michael Aeschbacher,1/14/12 14:02,de,47.0491982,7.6255002,Burgdorf,SP,1
yvolutionize,20409342,991,59,56,122,Yves O. Aeschbacher,2/9/09 2:22,de,47.0491982,7.6255002,Burgdorf,SP,1
BernhardEpp,2377005478,2,7,0,57,Bernhard Epp,3/2/14 20:24,de,47.5545006,9.1568403,Bürglen,FDP,1
patrikepp,1870656829,44,31,1,127,Patrik Epp,9/16/13 7:35,de,47.5545006,9.1568403,Bürglen,FDP,1
clwyssa,73886128,50,157,0,46,Claudine Wyssa,9/13/09 13:47,fr,46.5511017,6.5559702,Bussigny,FDP,1
mdemontmollin,470230180,4989,536,323,285,Martial deMontmollin,1/21/12 13:24,fr,46.5511017,6.5559702,Bussigny,GPS,1
DanielDudler,123658058,113,102,12,89,Daniel Dudler,3/16/10 20:33,de,47.5580221,9.0804258,Bussnang,CVP,1
Viggeli,279486980,822,285,300,631,Vinzenz Binggeli,4/9/11 10:57,de,47.0991287,7.3292899,Busswil,SP,1
NdainaN,292915229,11,59,0,40,Nicolas Daïna,5/4/11 13:08,fr,46.8348007,6.8875799,Bussy,SVP,1
ArianeVerdan,1920100146,164,23,0,38,Ariane Verdan,9/30/13 13:44,fr,46.47679,6.8270152,Chardonne,SVP,1
MNeyroud,258775655,64,49,1,37,Maurice Neyroud,2/28/11 13:34,fr,46.47679,6.8270152,Chardonne,FDP,1
WaeberJC,1264710066,60,53,0,77,Julien-Clément W. ,3/13/13 15:21,fr,47.08173,7.128289,Chavannes,SP,1
claudioschneeby,702830623,1258,208,0,376,claudio schneeby,7/18/12 10:47,it,45.8349334,9.0270226,Chiasso,RR,1
ottostephani,582101353,115,99,11,257,otto stephani,5/16/12 19:30,it,45.8349334,9.0270226,Chiasso,SP,1
cedi1983,208431867,0,13,0,28,Steiner Cédric,10/27/10 8:12,de,46.8572621,9.5267305,Chur,GLP,1
chrathgeb,1359750223,41,389,0,59,Christian Rathgeb,4/17/13 15:51,de,46.8572621,9.5267305,Chur,FDP,1
ClausBruno,1603352804,18,59,0,58,Bruno Claus,7/18/13 12:36,de,46.8572621,9.5267305,Chur,FDP,1
jonpult,116451792,199,279,6,235,Jon Pult,2/22/10 14:07,de,46.8572621,9.5267305,Chur,SP,1
mariocavigelli,1392114894,19,324,0,49,Mario Cavigelli,4/30/13 13:56,de,46.8572621,9.5267305,Chur,CVP,1
DamienSchaer,867897180,9,56,2,116,Damien Schaer,10/8/12 12:24,fr,46.966464,6.859883,Colombier,SVP,1
UDC_Courroux,368184701,88,22,0,38,UDC_Courroux,9/5/11 6:50,fr,47.361006,7.3775467,Courroux,SVP,1
GratienCor,409515375,145,217,0,39,Gratien Cordonier,11/10/11 21:10,fr,46.3121185,7.47964,Crans-Montana,CVP,1
Leitner_Davos,435182557,212,236,14,432,Matthias Leitner,12/12/11 19:29,de,46.8001204,9.8308896,Davos,FDP,1
SevBischof,49388167,106,67,74,151,Severin Bischof,6/21/09 18:34,de,46.8001204,9.8308896,Davos,SP,1
Lokalpolitiker,273059509,91,37,45,151,Adrian Roth,3/27/11 19:00,de,47.21315,7.6206398,Deitingen,RR,1
PEV_JU,271850627,101,38,0,39,PEV Jura,3/25/11 9:20,fr,47.3657457,7.3452125,Delémont,EVP,1
MuellerGuidoSVP,269811675,75,61,2,22,Müller Guido,3/21/11 13:59,de,47.0833151,8.3455829,Ebikon,SVP,1
lehmann_seb,507846576,173,75,0,40,Lehmann Sébastien,2/28/12 20:02,fr,46.6406021,6.6354198,Echallens,SP,1
YPeclard,440258035,3532,502,628,847,Yoann Péclard,12/18/11 19:24,fr,46.6406021,6.6354198,Echallens,SP,1
FDP_ILEF,1211924810,8,5,0,12,FDP IllnauEffretikon,2/23/13 13:10,de,47.4272822,8.6903753,Effretikon,FDP,1
molinafab,1095889302,504,799,227,407,Fabian Molina,1/16/13 17:55,de,47.4272822,8.6903753,Effretikon,SP,1
AndreasGerber12,1863463766,54,57,1,170,Andreas Gerber,9/14/13 11:01,de,46.8751729,7.7959435,Eggiwil,SVP,1
FDPEglisau,122956308,3427,104,0,23,FDP Eglisau,3/14/10 13:35,de,47.5762137,8.5231843,Eglisau,FDP,1
nr1n,462900458,20,43,23,119,Nicola Ringele,1/13/12 14:01,de,47.497279,8.341995,Ehrendingen,CVP,1
LianaSollberger,380371979,5,7,0,13,Liana Sollberger,9/26/11 14:54,de,47.1281161,8.744269,Einsiedeln,EVP,1
franzraeber,246506741,1,29,0,26,Franz Räber,2/2/11 22:32,de,47.075243,8.283946,Emmen,FDP,1
Rene_Hodel,1636554818,0,11,0,57,Renė Hodel,7/31/13 22:33,de,47.4784999,8.31473,Ennetbaden,SP,1
FlorenceGross,430893090,544,465,3,784,Gross Florence,12/7/11 17:47,fr,46.4913835,6.7470097,Epesses,FDP,1
kaltezar,215280088,2517,395,21,520,Jérémy Berthet,11/13/10 14:02,fr,46.4913835,6.7470097,Epesses,FDP,1
WeberAich,1248785935,198,63,2,38,Stefan Weber-Aich,3/7/13 12:55,de,47.306977,8.590431,Erlenbach,SP,1
adrianmichel,36934854,950,532,142,771,Adrian Michel,5/1/09 12:46,de,47.6691999,9.08062,Ermatingen,FDP,1
Dave_Imhof,1227485582,63,54,164,157,David Andreas Imhof,2/28/13 12:50,de,46.8206,8.6507799,Erstfeld,SP,1
Immerhopper,857564088,26,5,8,15,Frank Schoch,10/2/12 6:15,de,47.6492004,8.8767595,Eschenz,SVP,1
JeanPhGayFraret,605820891,17,34,0,68,Jean-Ph. Gay-Fraret,6/11/12 20:54,fr,46.1800053,7.0232021,Evionnaz,SVP,1
p_k_schneiter,345253808,391,67,7,90,Pascal K. Schneiter,7/30/11 8:42,de,46.7969017,7.6687598,Fahrni,BDP,1
TGemperle,327398281,597,373,15,436,Thomas Gemperle,7/1/11 14:10,de,47.5573039,8.899407,Frauenfeld,SVP,1
evp_frauenfeld,205720260,6,17,0,1,EVP Frauenfeld,10/21/10 13:24,de,47.5573039,8.899407,Frauenfeld,EVP,1
FDP_TG,219281126,0,76,0,2,FDP.Die Liberalen TG,11/24/10 12:37,de,47.5573039,8.899407,Frauenfeld,FDP,1
GPFrauenfeld,466401010,69,19,0,16,Grüne Frauenfeld,1/17/12 11:02,de,47.5573039,8.899407,Frauenfeld,GPS,1
kurtfsieber,1113990596,17,128,6,430,Kurt F. Sieber,1/23/13 9:57,de,47.5573039,8.899407,Frauenfeld,SVP,1
verenaherzog,1307125520,171,121,3,569,Verena Herzog,3/27/13 10:26,de,47.5573039,8.899407,Frauenfeld,SVP,1
Louis_Chicherio,490482848,19,6,0,5,Louis Chicherio,2/12/12 16:07,de,47.2044278,8.7559323,Freienbach,FDP,1
MarchandAntho,1341996769,79,85,9,96,Anthony Marchand,4/10/13 14:00,fr,46.8016663,7.1455683,Fribourg,SVP,1
AntoineMarmy,361109416,178,99,113,226,Antoine Marmy,8/24/11 8:04,fr,46.8016663,7.1455683,Fribourg,SP,1
BlaiseFasel,2281050907,244,256,400,333,Blaise Fasel,1/7/14 19:10,fr,46.8016663,7.1455683,Fribourg,CVP,1
DClivaz,1137364472,538,100,52,203,Damien Clivaz,1/31/13 16:44,fr,46.8016663,7.1455683,Fribourg,SP,1
DidierCastella,961138904,42,165,1,156,Didier Castella,11/20/12 20:16,fr,46.8016663,7.1455683,Fribourg,FDP,1
F_Grangier,378626612,9,48,0,54,François Grangier,9/23/11 14:43,fr,46.8016663,7.1455683,Fribourg,FDP,1
GasserL,454814763,86,17,13,79,Lukas Gasser,1/4/12 12:13,de,46.8016663,7.1455683,Fribourg,GLP,1
ianpeiry,23969454,545,81,10,127,Ian Peiry,3/12/09 15:40,fr,46.8016663,7.1455683,Fribourg,FDP,1
jsfr_jusofr,135628260,67,93,1,44,JS FR / JUSO FR,4/21/10 21:12,fr,46.8016663,7.1455683,Fribourg,SP,1
KevinGrangier,25486162,307,542,0,415,Kevin Grangier,3/20/09 10:32,fr,46.8016663,7.1455683,Fribourg,SVP,1
LesVertsFr,132837712,52,242,0,39,Les Verts Fribourg,4/14/10 9:21,fr,46.805353,7.160696,Fribourg,GPS,1
PDC_FR,132470863,3,32,0,0,Secretariat,4/13/10 9:48,fr,46.8016663,7.1455683,Fribourg,CVP,1
PDCFribourg,2348755854,23,74,2,106,PDC Fribourg,2/17/14 16:47,fr,46.8016663,7.1455683,Fribourg,CVP,1
PDCVilleFR,129228686,175,173,3,50,PDC Ville Fribourg,4/3/10 15:58,fr,46.8016663,7.1455683,Fribourg,CVP,1
psf_spf,130429615,110,98,0,22,PS SP FR,4/7/10 7:59,fr,46.8016663,7.1455683,Fribourg,SP,1
SaschaFiek,32162466,1354,247,43,295,Sascha Fiek,4/16/09 21:34,de,46.8016663,7.1455683,Fribourg,FDP,1
SimeonMarty,1970853420,5,21,0,57,Simeon Marty,10/19/13 8:37,de,46.8016663,7.1455683,Fribourg,SP,1
steiertjf,205452545,29,622,0,248,Jean-FrançoisSteiert,10/20/10 22:41,de,46.8016663,7.1455683,Fribourg,SP,1
UDCFV,415045689,18,53,0,23,UDC Fribourg-Ville,11/17/11 20:50,fr,46.8016663,7.1455683,Fribourg,SVP,1
hapeba64,1054163119,41,15,2,33,Hanspeter Bach,1/2/13 4:08,de,46.5878668,7.6497209,Frutigen,EVP,1
NilsFiechter,2159130476,49,46,28,81,Nils Fiechter,10/27/13 15:44,de,46.5878668,7.6497209,Frutigen,SVP,1
desmeulesj,22279374,2313,721,24,803,Jérôme Desmeules,2/28/09 18:06,fr,46.131223,7.10258,Fully,SVP,1
JulienMonod,1065996168,66,48,0,41,Julien Monod,1/6/13 15:42,fr,46.131223,7.10258,Fully,FDP,1
pinouzi,6886372,4232,362,40,434,Fabien Spina,6/18/07 8:41,fr,46.131223,7.10258,Fully,GPS,1
Peter_Groeflin,308656005,1174,206,124,602,Peter Gröflin,5/31/11 19:39,de,47.4661494,7.8577615,Gelterkinden,EVP,1
thomaswenger,231102861,1,68,0,18,Thomas Wenger,12/27/10 16:12,fr,46.1983922,6.1422961,Geneva,GPS,1
OrnellaGrillet,583062186,126,247,1,181,Ornella Grillet,5/17/12 17:39,fr,46.1983922,6.1422961,Geneva,SP,1
a_canellos,123642259,116,42,0,195,Athanassios Canellos,3/16/10 19:20,fr,46.1983922,6.1422961,Geneva,FDP,1
adesenarclens,1351538676,7,43,1,40,Alex. de Senarclens,4/14/13 10:31,fr,46.1983922,6.1422961,Geneva,FDP,1
antoine_barde,301001020,54,110,3,50,BARDE Antoine,5/18/11 18:17,fr,46.1983922,6.1422961,Geneva,FDP,1
aristosmarcou,114686048,135,145,1,247,Aristos Marcou,2/16/10 8:15,fr,46.1983922,6.1422961,Geneva,FDP,1
BarazzoneG,278262326,442,755,21,576,Guillaume Barazzone,4/6/11 23:06,fr,46.1983922,6.1422961,Geneva,CVP,1
BdeCandolle,1245810943,15,21,0,26,Beatriz de Candolle,3/6/13 10:45,fr,46.1983922,6.1422961,Geneva,FDP,1
BrunierC,471406994,647,251,0,202,Brunier Christian,1/22/12 20:36,fr,46.1983922,6.1422961,Geneva,SP,1
BryanLoGiudice,1941157201,39,22,4,84,Bryan Lo Giudice,10/6/13 14:29,fr,46.1983922,6.1422961,Geneva,FDP,1
CharlesPiguet,894109866,201,165,3,185,Charles Piguet,10/20/12 21:58,fr,46.1983922,6.1422961,Geneva,BDP,1
Fabiano_Forte,41132073,1505,357,0,73,Fabiano Forte,5/19/09 15:02,fr,46.1983922,6.1422961,Geneva,CVP,1
frederichohl,1456063716,10,56,0,92,Frédéric Hohl,5/25/13 5:36,fr,46.1983922,6.1422961,Geneva,FDP,1
ge_alberto,1471498446,5,73,0,111,Alberto Velasco,5/31/13 6:53,fr,46.1983922,6.1422961,Geneva,SP,1
GerardDeshusses,563541878,1,66,0,124,Gerard Deshusses,4/26/12 8:08,fr,46.1983922,6.1422961,Geneva,SP,1
gregcarasso,1252423189,212,392,17,490,Grégoire Carasso,3/8/13 18:22,fr,46.1983922,6.1422961,Geneva,SP,1
GuyMettan,40891237,0,221,0,233,Guy Mettan,5/18/09 15:09,fr,46.1983922,6.1422961,Geneva,CVP,1
isadelsne,526733544,110,181,5,400,isabelle descombes,3/16/12 19:47,fr,46.1983922,6.1422961,Geneva,GPS,1
jeffrey_nahas,120489857,375,132,1,107,Jeffrey Nahas,3/6/10 15:53,fr,46.1983922,6.1422961,Geneva,GPS,1
Jerome_Jacquier,500935461,26,32,0,136,Jérôme Jacquier,2/23/12 16:33,fr,46.1983922,6.1422961,Geneva,FDP,1
js_ge,103249187,183,253,0,81,JeunesseSocialisteGE,1/9/10 11:26,fr,46.1983922,6.1422961,Geneva,SP,1
l_thurnherr,366183985,111,117,0,23,Thurnherr Laurent,9/1/11 18:32,fr,46.1983922,6.1422961,Geneva,BDP,1
LaurentLeisi,534785851,807,198,10,490,Laurent Leisi,3/23/12 22:51,fr,46.1983922,6.1422961,Geneva,RR,1
LionelRicou,267803587,110,165,0,267,Lionel Ricou,3/17/11 15:31,fr,46.1983922,6.1422961,Geneva,CVP,1
MirkoRighele,327276195,7,27,0,25,Mirko Righele,7/1/11 8:54,fr,46.1983922,6.1422961,Geneva,FDP,1
ORSINI10,448786360,48,83,2,232,Magali ORSINI,12/28/11 11:09,fr,46.1983922,6.1422961,Geneva,RL,1
PascalHolenweg,201420092,748,384,1,141,Pascal Holenweg,10/11/10 20:25,fr,46.1983922,6.1422961,Geneva,SP,1
PaulEcoffey,633866314,740,42,160,77,Paul Ecoffey,7/12/12 16:32,fr,46.1983922,6.1422961,Geneva,GPS,1
PBD_GE,613570431,370,218,0,235,PBD Genève,6/20/12 14:41,fr,46.1983922,6.1422961,Geneva,BDP,1
philch1974,14626841,624,89,1,104,Kunzi Philippe,5/2/08 15:18,fr,46.1983922,6.1422961,Geneva,BDP,1
PLR_Geneve,308599971,126,375,0,17,PLR Genève,5/31/11 17:45,fr,46.1983922,6.1422961,Geneva,FDP,1
plrge,218801945,75,368,0,42,PLR Ville de Genève,11/23/10 9:31,fr,46.1983922,6.1422961,Geneva,FDP,1
PS_Genevois,1498783645,319,371,2,504,PS Genevois,6/10/13 16:52,fr,46.1983922,6.1422961,Geneva,SP,1
r_desaintemarie,862977380,31,339,0,276,Romain,10/5/12 12:35,fr,46.1983922,6.1422961,Geneva,SP,1
remyburri,164350191,177,207,0,159,Burri Rémy,7/8/10 17:20,fr,46.1983922,6.1422961,Geneva,FDP,1
sandrinesalerno,120387031,1194,2066,4,550,Sandrine Salerno,3/6/10 8:27,fr,46.1983922,6.1422961,Geneva,SP,1
scythez,54567499,436,567,0,1237,THEVOZ,7/7/09 14:49,fr,46.1983922,6.1422961,Geneva,SP,1
sebastienkaech,85016631,169,297,1,494,Sébastien Kaech,10/25/09 5:23,fr,46.1983922,6.1422961,Geneva,CVP,1
thomasbarth,33279601,67,825,11,2001,Thomas Barth,4/19/09 18:57,fr,46.1983922,6.1422961,Geneva,FDP,1
ZACHARIASMCG,1540883768,4,19,0,30,Ronald ZACHARIAS,6/23/13 12:33,fr,46.1983922,6.1422961,Geneva,RR,1
M_A__Senn,471346560,89,75,5,159,Marc-Antoine Senn,1/22/12 19:21,fr,46.4129925,6.2768194,Gland,SP,1
RSchneiderGLN,2247269563,33,14,2,26,Roger Schneider,12/15/13 14:09,de,47.0404265,9.0672085,Glarus,FDP,1
TFridli,1428903944,67,47,3,169,Thomas Tschudi,5/14/13 21:41,de,47.0404265,9.0672085,Glarus,SVP,1
wiggis1960,550157373,9,11,0,88,Marco Hodel,4/10/12 12:38,de,47.0404265,9.0672085,Glarus,CVP,1
BaettigM,2170337909,29,35,16,61,Michèle Bättig,11/6/13 4:23,de,47.55982,8.4994,Glattfelden,SP,1
loicdobler,102657242,618,229,1,146,Loïc Dobler,1/7/10 11:59,fr,47.3337583,7.1986483,Glovelier,SP,1
SPGossau,486865811,43,41,0,71,SP Gossau-Arnegg,2/8/12 19:10,de,47.4138069,9.2579168,Gossau,SP,1
RaphalleJavet,2462089760,9,63,0,226,Raphaëlle Javet,4/24/14 19:17,fr,46.8073006,6.6444001,Grandson,SP,1
PeterBrotschi,209019139,440,216,4,296,Peter Brotschi,10/28/10 11:09,de,47.193585,7.3954451,Grenchen,CVP,1
danimh72,2258116319,256,56,114,145,Daniela Imhof,1/2/14 13:00,de,46.3724286,8.0927402,Grengiols,CVP,1
_NicolaStocker,1311150493,347,155,173,218,Nicola Stocker,3/28/13 16:41,de,46.6569871,9.5780257,Grisons,SVP,1
glp_GR,104153474,341,166,0,8,Grünliberale GR,1/12/10 12:53,de,46.6569871,9.5780257,Grisons,GLP,1
liberaziun,97208940,681,308,41,277,jungfreisinnige GR,12/16/09 13:31,de,46.6569871,9.5780257,Grisons,FDP,1
JeannetteVogt,241208541,27,84,1,96,Jeannette Vogt,1/21/11 18:32,de,47.282948,8.7614908,Grüningen,CVP,1
triumpf1050,1116921840,3,1,1,29,Adrian Engel,1/24/13 14:33,de,47.385601,8.2493801,Häfglingen,CVP,1
flurymarkus,477602353,138,60,1,44,Markus Flury,1/29/12 10:58,de,47.3327,7.84386,Hägendorf,GLP,1
johnlizard,320691293,0,21,0,76,Jonas Hufschmid,6/20/11 10:51,de,47.3327,7.84386,Hägendorf,CVP,1
b_affolter,1208935676,2,0,0,19,Bruno Affolter,2/22/13 15:28,de,47.1702499,7.60392,Halten,SP,1
PaulZaugg,2346547969,0,1,0,17,Paul Zaugg,2/16/14 9:08,de,46.7862262,7.6079043,Heimberg,SP,1
WylerAndreas,2181673699,7,6,0,13,Andreas Wyler,11/8/13 7:16,de,47.564,8.68411,Henggart,GLP,1
cbruderer,437125458,895,225,229,239,Claudio Bruderer,12/15/11 1:32,de,47.3870066,9.2824809,Herisau,FDP,1
adrianhozsvp,1944073670,1,2,0,8,Adrian Hoz,10/7/13 13:10,de,46.977618,7.4175,Herrenschwanden,SVP,1
BDPHbuchsee,262569996,11,24,0,1,BDP Herzogenbuchsee,3/8/11 9:10,de,47.1881119,7.7009241,Herzogenbuchsee,BDP,1
WickiMichael,625776587,2938,1112,1348,964,Michael Wicki,7/3/12 18:30,de,47.3025158,8.8453674,Hinwil,SP,1
AdrianNussbaum,920771820,0,12,0,45,Adrian Nussbaum,11/2/12 10:48,de,47.1662596,8.2919257,Hochdorf,CVP,1
RuediKeller1,1213121736,565,68,123,228,Ruedi Keller,2/23/13 18:23,de,47.522561,8.516067,Hochfelden,SP,1
AdrianMoser,209137110,83,133,48,174,Adrian Moser,10/28/10 15:49,de,47.2570654,8.596906,Horgen,CVP,1
jfHorgen,2286924853,8,15,1,35,JFBH,1/11/14 17:00,de,47.2570654,8.596906,Horgen,FDP,1
this73,255217128,182,216,1,231,Matthias Hauser,2/20/11 22:38,de,47.5822859,8.5053032,Hüntwangen,SVP,1
adrianwuethrich,305027543,17,162,0,143,Adrian Wüthrich,5/25/11 14:30,de,47.1126917,7.8496431,Huttwil,SP,1
a_martinelli94,2184611498,24,18,2,33,AlessandraMartinelli,11/9/13 16:14,de,46.6873837,7.8695505,Interlaken,BDP,1
BDP_beo_ost,571612422,77,22,1,9,BDPInterlakenOhasli,5/5/12 7:08,de,46.6873837,7.8695505,Interlaken,BDP,1
gerewittwer,219473888,458,178,51,279,Gerhard Wittwer,11/24/10 23:44,de,46.9761503,7.4818571,Ittigen,FDP,1
DAmagali,255137066,4891,379,1022,291,Magali Brêchet,2/20/11 19:11,fr,47.35667,7.159889,Jura,SP,1
GeiserBeat,511748882,22,12,0,29,Geiser Beat,3/2/12 10:59,fr,47.35667,7.159889,Jura,GLP,1
pvlJB,526868702,113,70,7,68,pvl Jura bernois,3/16/12 22:47,fr,47.35667,7.159889,Jura,GLP,1
bertschnicole,214267118,8,21,0,55,Nicole Bertsch,11/11/10 0:13,de,47.3231299,8.5445378,Kilchberg,FDP,1
cdenzler,231442558,3212,278,251,597,Christian Denzler,12/28/10 14:51,de,47.4459991,8.5874701,Kloten,SP,1
reinhard_peter,1933584878,125,87,2,141,Peter Reinhard,10/4/13 8:36,de,47.4526616,8.5852412,Kloten,EVP,1
BDPKoeniz,1234224038,81,7,0,27,Stefan F. Rudolf,3/2/13 11:11,de,46.9257688,7.4151509,Köniz,BDP,1
bdpkoeniz1,1704426715,6,8,0,4,bdp-koeniz,8/27/13 11:03,de,46.9257688,7.4151509,Köniz,BDP,1
SonnenC,1412989194,0,1,0,11,Claude B. Sonnen,5/8/13 14:33,de,47.0101726,7.5668122,Krauchthal,FDP,1
SibylleDahinden,373530428,11,22,0,44,Dahinden Sibylle,9/14/11 19:00,de,47.099817,8.456041,Küssnacht,SP,1
AndreasJurt,1244045485,13,35,0,17,Andreas Jurt,3/5/13 15:51,fr,47.111833,6.838226,La Chaux-De-Fonds,FDP,1
ClarenceChollet,123296896,99,357,0,368,Clarence Chollet,3/15/10 16:52,fr,47.111833,6.838226,La Chaux-De-Fonds,GPS,1
dmusy,70969864,509,160,4,225,Daniel Musy,9/2/09 13:56,fr,47.111833,6.838226,La Chaux-De-Fonds,SP,1
ffivaz,18983525,4128,789,4,348,Fabien Fivaz,1/14/09 17:16,fr,47.111833,6.838226,La Chaux-De-Fonds,GPS,1
PDC_JFBoillat,1259402845,13,3,0,11,PDC J.-F. Boillat,3/11/13 12:53,fr,47.111833,6.838226,La Chaux-De-Fonds,CVP,1
StEvUgnIn,369464287,858,49,620,35,Steve Huguenin-Elie,9/7/11 12:03,fr,47.111833,6.838226,La Chaux-De-Fonds,CVP,1
PolitisCh,16978165,1908,506,23,176,Lyonel Kaufmann ,10/26/08 8:16,fr,46.454842,6.859938,La Tour-De-Peilz,SP,1
r_sendra,811581853,156,36,3,88,Richard SENDRA,9/8/12 19:45,fr,46.454842,6.859938,La Tour-De-Peilz,SP,1
YohanZiehli,496909429,4490,553,459,414,Yohan Ziehli,2/19/12 12:16,fr,46.454842,6.859938,La Tour-De-Peilz,SVP,1
SavioMichellod,1174328328,1458,593,9,483,Savio Michellod,2/13/13 8:13,fr,46.5835037,6.9092131,La Veveyse,FDP,1
KarinSchwiter,372274029,39,45,1,19,Karin Schwiter,9/12/11 13:34,de,47.188892,8.858903,Lachen,SP,1
bonfantidamien,1892991852,13,42,0,64,Damien Bonfanti,9/22/13 8:47,fr,46.1865184,6.1220857,Lancy,GPS,1
bigliel,295834965,1895,868,1197,721,Thomas Bigliel,5/9/11 18:57,de,46.9637985,9.55931,Landquart,FDP,1
Simone_Richner,1914699439,3,19,0,109,Simone Richner,9/28/13 16:47,de,47.2139734,7.7847334,Langenthal,FDP,1
UColicchio,2353344582,9,5,1,14,Umberto Colicchio,2/20/14 14:42,de,47.2139734,7.7847334,Langenthal,BDP,1
glpLangnau,1687741855,28,10,0,17,glp Langnau,8/21/13 7:54,de,46.9394989,7.7937298,Langnau,GLP,1
tschoni,64516392,590,48,103,146,Hansjürg Heubi,8/10/09 21:11,de,46.9394989,7.7937298,Langnau,GLP,1
CacsSchnyder,2207885041,27,24,64,99,Corinne Schnyder,11/21/13 21:48,de,47.0358,8.57921,Lauerz,CVP,1
HurschCH,374775782,28,58,0,44,Stefan Betschart,9/16/11 22:44,de,47.0358,8.57921,Lauerz,SVP,1
MaSchnyder,369699988,345,169,123,501,Matthias Schnyder,9/7/11 20:02,de,47.0297083,8.6110678,Lauerz,CVP,1
scherrermarc,283734166,128,164,9,39,Marc Scherrer,4/17/11 22:37,de,47.4215012,7.5051498,Laufen,CVP,1
reb_ruiz,938685108,88,564,1,208,Rebecca Ruiz,11/10/12 9:20,fr,46.5199617,6.6335971,Lausanne,SP,1
Monsieur2000,621733090,286,88,30,153,Vincent Bezençon,6/29/12 9:11,fr,46.5199617,6.6335971,Lausanne,SP,1
Adamyves,56672651,26,29,0,44,Yves ADAM,7/14/09 11:46,fr,46.5199617,6.6335971,Lausanne,SP,1
AliceGenoud,433507891,74,283,5,324,Alice Genoud,12/10/11 17:11,fr,46.5199617,6.6335971,Lausanne,GPS,1
amedeosartorio,471341603,31,72,0,354,Amedeo Sartorio,1/22/12 19:15,it,46.5199617,6.6335971,Lausanne,RL,1
benoitgaillard,438312885,4404,1248,6,931,Benoît Gaillard,12/16/11 12:50,fr,46.5199617,6.6335971,Lausanne,SP,1
FerrariYves,397888789,93,212,0,42,Ferrari,10/25/11 8:55,fr,46.5199617,6.6335971,Lausanne,GPS,1
gpbolay,22532373,1735,312,0,73,Guy-Philippe Bolay,3/2/09 20:55,fr,46.5199617,6.6335971,Lausanne,FDP,1
hklunge,165330882,2062,194,20,330,Henri Klunge,7/11/10 7:32,fr,46.5199617,6.6335971,Lausanne,FDP,1
JeanTschopp,541855832,287,418,3,602,Jean Tschopp,3/31/12 18:05,fr,46.5199617,6.6335971,Lausanne,SP,1
JojoMartinho,345922381,1089,68,0,166,José Martinho,7/31/11 12:04,fr,46.5199617,6.6335971,Lausanne,CVP,1
JosefZisyadis,145961988,0,55,0,0,Josef Zisyadis,5/20/10 8:32,fr,46.5199617,6.6335971,Lausanne,RL,1
LeonorePorchet,324967174,2421,716,379,773,Porchet Léonore,6/27/11 14:28,fr,46.5199617,6.6335971,Lausanne,GPS,1
levolatile,54579337,773,467,189,1128,Denis Corboz,7/7/09 15:30,fr,46.5199617,6.6335971,Lausanne,SP,1
MeystreGilles,515816771,382,352,0,256,Gilles Meystre,3/5/12 20:07,fr,46.5199617,6.6335971,Lausanne,FDP,1
montangero,325440556,452,622,7,306,Stéphane Montangero,6/28/11 9:11,fr,46.5199617,6.6335971,Lausanne,SP,1
PBD_VD,257066489,1873,549,30,427,PBD Vaud,2/24/11 17:14,fr,46.5199617,6.6335971,Lausanne,BDP,1
PDCLausanne,355097102,134,97,0,28,PDC Lausanne,8/14/11 20:40,fr,46.5199617,6.6335971,Lausanne,CVP,1
PhDucommun,1007214626,1,13,0,17,Philippe Ducommun,12/12/12 20:14,fr,46.5199617,6.6335971,Lausanne,SVP,1
pierreoberson,327435251,97,67,9,118,Pierre Oberson,7/1/11 15:22,fr,46.5199617,6.6335971,Lausanne,SVP,1
pipicacazizi,421484515,1944,85,9,150,Alexandre Bonsack,11/26/11 0:45,fr,46.5199617,6.6335971,Lausanne,SP,1
PLRLausanne,2436062340,19,62,0,88,PLR Lausanne,4/9/14 21:24,fr,46.5199617,6.6335971,Lausanne,FDP,1
PS_Lausanne,388733026,87,124,0,29,PS FFE Lausanne,10/11/11 7:51,fr,46.5199617,6.6335971,Lausanne,SP,1
ps_vd,113390557,48,603,0,45,PS Vaud,2/11/10 16:13,fr,46.5199617,6.6335971,Lausanne,SP,1
PSLausanne,574283726,170,600,4,726,PS Lausanne,5/8/12 7:41,fr,46.5199617,6.6335971,Lausanne,SP,1
sarahneumann_,870596473,106,258,22,420,Sarah Neumann,10/9/12 20:58,fr,46.5199617,6.6335971,Lausanne,SP,1
stephofm,45823507,261,291,3,320,Stephanie Apotheloz,6/9/09 12:16,fr,46.5199617,6.6335971,Lausanne,SP,1
XavCompany,334665987,4553,708,3060,503,Xavier Company,7/13/11 13:36,fr,46.5199617,6.6335971,Lausanne,GPS,1
XimenaKM,289731706,815,507,101,1546,Ximena Kaiser Morris,4/29/11 3:46,fr,46.5199617,6.6335971,Lausanne,GPS,1
JosefRothenfluh,179235669,151,25,12,102,Josef Rothenfluh,8/16/10 21:03,de,47.1806632,7.3689051,Lengnau,CVP,1
LucaRusso1291,2196199776,101,7,13,43,Luca Russo,11/15/13 15:51,de,47.3907669,8.1734492,Lenzburg,SVP,1
mghezouani,2164659092,22,30,1,56,morad c ghezouani,10/30/13 12:09,de,47.3907669,8.1734492,Lenzburg,SP,1
sreichen74,96776776,95,15,2,14,Stéphane Reichen,12/14/09 15:05,fr,47.067773,6.705898,Les Brenets,SP,1
gaelbourgeois,400988105,274,636,133,242,Gael Bourgeois,10/29/11 21:46,fr,46.075744,7.075126,Les Valettes,SP,1
EVP_BL,1345171633,446,111,9,359,EVP Baselland,4/11/13 19:54,de,47.481606,7.7395731,Liestal,EVP,1
glp_BL,2336982463,26,34,9,52,Grünliberale BL,2/10/14 16:54,de,47.481606,7.7395731,Liestal,GLP,1
irenazweifel,1304375190,2,1,0,7,Zweifel Irena,3/26/13 14:56,de,46.9218287,8.9996438,Linthal,SP,1
GabrielePinoja,419636021,3,163,0,27,Gabriele Pinoja,11/23/11 16:03,it,46.1689517,8.7616771,Losone,SVP,1
SoldatiAlfredo,1512901849,36,89,0,111,Alfredo Soldati,6/13/13 9:30,it,46.1674004,8.7629604,Losone,SVP,1
AdelinoSa,61269516,5,48,0,94,Adelino de Sa,7/29/09 19:06,de,47.0500376,8.3089295,Lucerne,SP,1
BDPLuzern,2170754293,34,29,9,42,BDP Kanton Luzern,11/2/13 18:50,de,47.0500376,8.3089295,Lucerne,BDP,1
christian_z87,279180354,1520,335,595,663,Christian Zürcher,4/8/11 19:06,de,47.0500376,8.3089295,Lucerne,GLP,1
chschoenb,113328306,354,221,297,379,Ch. Schönbächler,2/11/10 12:06,de,47.0500376,8.3089295,Lucerne,CVP,1
cvpluzern,9569812,550,269,0,137,cvpluzern,10/20/07 22:45,de,47.0500376,8.3089295,Lucerne,CVP,1
FDP_Luzern,180348973,1287,482,3,291,FDP Luzern,8/19/10 12:16,de,47.0500376,8.3089295,Lucerne,FDP,1
fuerluzern,473341564,22,59,0,112,Daniel Lütolf,1/24/12 21:45,de,47.0500376,8.3089295,Lucerne,GLP,1
FurrerMatthias,1384626224,182,101,85,323,Matthias Furrer,4/27/13 14:41,de,47.0500376,8.3089295,Lucerne,FDP,1
GioPardini,1349080068,7,55,0,74,Giorgio Pardini,4/13/13 12:16,de,47.0500376,8.3089295,Lucerne,SP,1
Gruene_LU,2389294518,47,98,7,249,Grüne Luzern,3/14/14 15:25,de,47.0500376,8.3089295,Lucerne,GPS,1
jfluzern,233208063,605,366,2,366,Jungfreisinnige LU,1/2/11 16:21,de,47.0500376,8.3089295,Lucerne,FDP,1
jGrueneStadtLU,1286655960,6,74,0,60,jGrüne Stadt Luzern,3/21/13 18:41,de,47.0522038,8.3361163,Lucerne,GPS,1
jonny9fan,1151099503,2097,221,128,152,,2/5/13 14:34,de,47.0500376,8.3089295,Lucerne,FDP,1
joshhangartner,381121986,18,11,0,28,Joshua Hangartner,9/27/11 19:43,de,47.0522038,8.3361163,Lucerne,SP,1
jp_ammann,2149374883,28,189,0,265,Jean-Pascal Ammann,10/22/13 16:54,de,47.0500376,8.3089295,Lucerne,CVP,1
JungeGrueneLU,999226807,754,345,969,315,Junge Grüne Luzern,12/9/12 12:47,de,47.0500376,8.3089295,Lucerne,GPS,1
Krumartkrumart,1277355908,18,40,0,104,Martin Krummenacher,3/18/13 10:15,de,47.0477982,8.3038797,Lucerne,SP,1
maheer92,325135742,20,29,0,17,Marco Andreas Heer,6/27/11 20:02,de,47.0500376,8.3089295,Lucerne,FDP,1
MaurusZeier,131777731,6984,1259,28,419,Maurus Zeier,4/11/10 8:48,de,47.0500376,8.3089295,Lucerne,FDP,1
MiriamKalunder,436560020,2689,180,28,285,Miriam Kalunder,12/14/11 9:12,de,47.0500376,8.3089295,Lucerne,SP,1
pizzen,56678762,299,326,146,548,Daniel Piazza,7/14/09 12:20,de,47.0500376,8.3089295,Lucerne,CVP,1
RalphHess,255044183,0,4,0,0,Ralph Hess,2/20/11 15:10,de,47.0500376,8.3089295,Lucerne,GLP,1
sp_luzern,165519921,502,109,0,9,SP Kanton Luzern,7/11/10 20:29,de,47.0500376,8.3089295,Lucerne,SP,1
WaldvogelG,392669481,82,165,2,294,Gian Waldvogel,10/17/11 11:56,de,47.0500376,8.3089295,Lucerne,GPS,1
denti_franco,867986785,263,602,9,422,Franco Denti,10/8/12 13:21,it,46.0065117,8.9523121,Lugano,CVP,1
LEGAdeiTicinesi,938786736,315,405,6,91,LEGA dei Ticinesi,11/10/12 10:43,it,46.0065117,8.9523121,Lugano,RR,1
LuganoPs,939893828,442,138,0,33,PSLugano,11/10/12 20:43,it,46.0065117,8.9523121,Lugano,SP,1
mandirueckert,576880741,402,621,28,268,Amanda Rückert,5/11/12 5:48,it,46.0065117,8.9523121,Lugano,RR,1
maristellapolli,499541508,0,76,0,37,maristella polli,2/22/12 6:58,it,46.0065117,8.9523121,Lugano,FDP,1
NanoBignasca,376917180,255,449,3,240,Giuliano Bignasca,9/20/11 18:20,it,46.0083623,8.9920861,Lugano,RR,1
RaoulGhisletta,2415894276,0,11,0,13,Raoul Ghisletta,3/28/14 13:19,it,46.0065117,8.9523121,Lugano,SP,1
RodolfoPulino,22598754,865,421,77,342,Rodolfo Pulino,3/3/09 7:33,it,46.0065117,8.9523121,Lugano,RR,1
stefano_araujo,794059,1346,131,1097,121,Stefano Araujo ,2/25/07 20:04,it,46.0065117,8.9523121,Lugano,RL,1
PBD_Lavaux_Oron,477583811,153,124,0,69,PBD Lavaux-Oron,1/29/12 10:26,fr,46.5063273,6.6850537,Lutry,BDP,1
mayabuehler,2381876671,1,6,0,11,Maya Bühler Gäumann,3/10/14 9:38,de,47.0762911,7.3073461,Lyss,SP,1
CVP_Maennedorf,1289052272,67,41,2,54,CVP Männedorf,3/22/13 16:02,de,47.255493,8.6969751,Männedorf,CVP,1
BenjaminPapaux,343470225,2625,279,273,164,Benjamin Papaux,7/27/11 16:39,fr,46.778819,7.159684,Marly,SVP,1
Matthieu_Loup,521214214,477,231,179,368,Matthieu Loup,3/11/12 10:47,fr,46.778819,7.159684,Marly,SP,1
AHansruedi,354163685,2,2,0,7,Abbühl Hansruedi,8/13/11 7:14,de,47.6266,8.65093,Marthalen,SVP,1
ArianaBuzuku,481939457,0,5,0,42,Ariana Buzuku,2/3/12 10:35,fr,46.1025948,7.0770551,Martigny,SVP,1
PDCMartigny,382835195,53,122,0,11,PDC Martigny,9/30/11 19:34,fr,46.1025948,7.0770551,Martigny,CVP,1
Enea_Martinelli,98725334,684,294,24,289,Enea Martinelli,12/22/09 21:37,de,46.6803017,7.8642201,Matten,BDP,1
martinschwegler,265864436,38,136,0,39,Martin Schwegler,3/14/11 7:56,de,47.0827,8.03974,Menznau,CVP,1
FabienGrognuz,571036558,181,77,1,106,Fabien Grognuz,5/4/12 18:08,fr,46.2335,6.08,Meyrin,FDP,1
MarsuRiX,568897643,709,99,2,125,Eric Cornuz,5/2/12 7:50,fr,46.2335,6.08,Meyrin,GPS,1
PLRMeyrin,1048751077,24,24,0,40,PLR Meyrin Cointrin,12/30/12 20:24,fr,46.2335,6.08,Meyrin,FDP,1
VertsMeyrin,786601087,54,23,0,27,Verts MeyrinCointrin,8/28/12 9:16,fr,46.2335,6.08,Meyrin,GPS,1
VictorBraune,803333006,627,374,38,615,Victor Braune,9/4/12 22:23,fr,46.2984009,6.1700802,Mies,FDP,1
hunger_stefan,2186225504,77,29,4,31,Stefan Hunger,11/10/13 11:54,de,47.3099096,8.7215715,Mönchaltorf,BDP,1
PDCMonthey,393324023,135,101,0,73,PDC Monthey-Choëx,10/18/11 11:06,fr,46.2564234,6.9571672,Monthey,CVP,1
PLRMonthey,475800870,71,66,0,8,PLR Monthey,1/27/12 13:08,fr,46.2564234,6.9571672,Monthey,FDP,1
RomainPilloudVD,396782468,1265,459,161,797,Romain Pilloud,10/23/11 19:21,fr,46.4360031,6.9102754,Montreux,SP,1
BoschettiSteen,327334911,8588,1157,264,1149,Boschetti Steen,7/1/11 11:51,fr,46.5186996,6.52285,Morges,BDP,1
gempepas,33345832,125,214,0,284,Pascal Gemperli,4/19/09 23:51,fr,46.5152627,6.4929214,Morges,GPS,1
vertsmorges,242917488,2510,394,3,399,Les Verts de Morges,1/25/11 22:09,fr,46.5152627,6.4929214,Morges,GPS,1
phclement2011,266371399,2,2,0,1,Philippe Clément,3/15/11 3:39,fr,46.62502,7.08517,Morlon,FDP,1
Kaeser_Stoll_SO,286596817,43,42,0,103,in Nationalrat CH,4/23/11 9:20,de,47.3410453,7.7030184,Mümliswil-Ramiswil,SVP,1
AdilKoller,379782290,684,343,408,304,Adil Koller,9/25/11 15:11,de,47.5187946,7.6139179,Münchenstein,SP,1
FelixBossel,441243288,579,111,15,113,Felix Bossel,12/19/11 22:03,de,47.5187946,7.6139179,Münchenstein,SP,1
FilipWinzap,345276349,475,244,15,363,Filip Winzap,7/30/11 9:46,de,47.5187946,7.6139179,Münchenstein,BDP,1
mfilliger,273056878,2,7,2,9,Manfed Filliger,3/27/11 18:53,de,47.4811369,8.9964398,Münchwilen,GLP,1
samdemure,2244881500,2,9,0,9,Samuel Rouiller,12/26/13 14:50,fr,46.279256,6.924319,Muraz,RL,1
JusoHase,911127294,92,141,17,110,Jonas Hasenfratz,10/28/12 21:20,de,47.2752,8.33757,Muri,SP,1
OxelSuarez,323890862,32,31,19,214,Oxel Suarez,6/25/11 16:21,fr,46.928408,7.116332,Murten,SP,1
SteRossini63,1907301103,40,686,0,657,Rossini Stéphane,9/26/13 9:18,fr,46.186708,7.305101,Nendaz,SP,1
FaBongiovanni,1010521207,15,124,0,118,Fabio Bongiovanni,12/14/12 6:08,fr,46.9929793,6.9319325,Neuchatel,FDP,1
hurnib,70925530,30,230,0,119,Baptiste Hurni,9/2/09 9:37,fr,46.9813004,6.8958101,Neuchatel,SP,1
JeunesVertsNE,1288082028,33,116,0,111,Jeunes Vert-e-s NE,3/22/13 8:09,fr,46.9929793,6.9319325,Neuchatel,GPS,1
jsneuch,398083183,678,412,5,1145,JSN,10/25/11 15:11,fr,46.9929793,6.9319325,Neuchatel,SP,1
JUDC_NE,898464751,191,102,0,23,Jeunes UDC Neuchâtel,10/22/12 21:27,fr,46.9929793,6.9319325,Neuchatel,SVP,1
l_muhlemann,720549679,1262,516,32,1992,Loïc Muhlemann,7/27/12 17:31,fr,46.9929793,6.9319325,Neuchatel,SP,1
LauraPerret2,1272294386,38,45,0,139,Laura Perret,3/16/13 13:11,fr,46.9929793,6.9319325,Neuchatel,SP,1
LeoKienholz,424345392,543,162,279,277,Léo Kienholz,11/29/11 17:20,fr,46.9929793,6.9319325,Neuchatel,FDP,1
LFBerset,615174718,835,636,585,474,Laurent Berset,6/22/12 13:33,fr,46.9929793,6.9319325,Neuchatel,GLP,1
Mike_Cortese_,1712369012,947,143,473,371,Mike Cortese,8/30/13 10:25,fr,46.9929793,6.9319325,Neuchatel,FDP,1
PBD_NE,1273632908,84,141,2,172,PBD Neuchâtel,3/17/13 0:21,fr,46.9929793,6.9319325,Neuchatel,BDP,1
PDCNE,268147391,0,30,0,1,PDC Neuchâtel,3/18/11 7:01,fr,46.9929793,6.9319325,Neuchatel,CVP,1
PDCnM,1191067772,8,4,0,9,PDCnM,2/17/13 20:28,fr,46.9813004,6.8958101,Neuchatel,CVP,1
PEV_NE,288701947,0,0,0,1,PEV-NE,4/27/11 9:39,fr,46.9929793,6.9319325,Neuchatel,EVP,1
RaymondeWicky,52101350,2258,560,1677,735,Raymonde Wicky,6/29/09 16:14,fr,46.9929793,6.9319325,Neuchatel,SP,1
RGrandjean,419785958,90,237,4,275,Raphaël Grandjean,11/23/11 19:51,fr,46.9929793,6.9319325,Neuchatel,GLP,1
VertLiberauxNE,869582846,225,138,0,179,Les Vert'libéraux,10/9/12 9:52,fr,46.9929793,6.9319325,Neuchatel,GLP,1
VertsNE,523326143,22,127,0,32,Les Verts NE,3/13/12 14:40,fr,46.9813004,6.8958101,Neuchatel,GPS,1
XavierGrobety,635394467,33,106,1,89,Xavier Grobéty,7/14/12 13:47,fr,46.9929793,6.9319325,Neuchatel,BDP,1
yannhulmann,295586466,16,25,0,124,Yann Hulmann,5/9/11 9:37,fr,46.9929793,6.9319325,Neuchatel,SP,1
S_Scheiwiller,98713837,22,26,0,11,Stefan Scheiwiller,12/22/09 20:32,de,47.6218605,9.1346197,Neuwilen,GLP,1
M_Roethlis,2186812110,36,74,0,45,Mario Röthlisberger,11/10/13 17:51,de,46.9267016,8.3849982,Nidwalden,CVP,1
david_bonny,131606659,0,74,0,19,David Bonny,4/10/10 19:49,fr,46.8005981,7.0255599,Noréaz,SP,1
TheDudeLebovski,1405836036,89,60,210,161,Michael Kaufmann,5/5/13 19:06,de,47.6247597,8.8275003,Nussbaumen,CVP,1
ps_nyon,819945576,4,84,1,192,PS Nyon,9/12/12 17:03,fr,46.3831924,6.2348564,Nyon,SP,1
vertslacote,2199390074,27,76,1,119,Les Verts de La Côte,11/17/13 11:48,fr,46.3831924,6.2348564,Nyon,GPS,1
AndyNiedermann,456048287,45,39,7,110,Andreas Niedermann,1/5/12 20:29,de,47.3570316,9.1122615,Oberhelfenschwil,CVP,1
andilanz,51548286,72,33,3,57,Andreas Lanz,6/27/09 20:35,de,46.9137063,7.3588998,Oberwangen,BDP,1
adrian_mangold,19505921,1286,404,12,334,Adrian Mangold,1/25/09 21:30,de,47.5159745,7.5582003,Oberwil,SP,1
ArenasGmuer,1567160101,84,32,63,112,Daniel Gmür Arenas,7/4/13 2:29,de,47.5159745,7.5582003,Oberwil,SP,1
funkytown63,245280187,587,160,50,100,Pia Fankhauser,1/31/11 9:29,de,47.5159745,7.5582003,Oberwil,SP,1
pemue01,318673604,35,109,0,123,Peter H. Müller,6/16/11 21:25,de,47.5159745,7.5582003,Oberwil,CVP,1
rumob,170854979,273,40,5,77,Rudolf Mohler,7/25/10 23:23,de,47.5159745,7.5582003,Oberwil,FDP,1
DinuBrunner,1323376063,0,3,0,7,Martin Brunner,4/2/13 22:09,de,47.2901,7.7161,Oensingen,SP,1
GloorFabian,490307551,3,17,0,24,Fabian Gloor,2/12/12 12:35,de,47.2901,7.7161,Oensingen,CVP,1
QRacine,99101734,889,441,8,1033,Quentin Racine,12/24/09 13:15,fr,46.2942259,6.9920794,Ollon,FDP,1
RodolpheAeberha,462371319,140,230,1,338,Rodolphe Aeberhard,1/12/12 21:57,fr,46.2942259,6.9920794,Ollon,SP,1
davidtschan,169180399,2096,107,1834,299,David Tschan,7/21/10 18:55,de,47.3499979,7.9023989,Olten,FDP,1
FDP_Olten,43755144,504,236,1,68,FDP Olten,5/31/09 21:01,de,47.3499979,7.9023989,Olten,FDP,1
joergmaeder,213039410,427,152,1,107,Jörg Mäder,11/7/10 20:00,de,47.4311116,8.5686028,Opfikon,GLP,1
rausisj,2304063785,102,137,3,254,joachim rausis,1/25/14 18:46,fr,46.0303899,7.1457499,Orsières,CVP,1
xfellay,1241949528,430,181,92,246,Xavier Fellay,3/4/13 18:45,fr,46.0303899,7.1457499,Orsières,CVP,1
HoppSchoop,208975633,38,140,31,452,Henrik Schoop,10/28/10 8:57,de,46.958396,7.4890325,Ostermundigen,FDP,1
retoschubnell,483712355,3480,149,343,308,Reto Schubnell,2/5/12 9:38,de,47.587547,9.085042,Ottoberg,BDP,1
uelifisch,444095399,1257,250,233,421,Ueli Fisch,12/22/11 21:58,de,47.587547,9.085042,Ottoberg,GLP,1
VincentArlettaz,236032810,4253,507,87,469,Vincent Arlettaz,1/9/11 17:03,fr,46.5057,6.67321,Paudex,FDP,1
LukaMarkic,371701398,962,270,603,556,Luka Markić,9/11/11 10:34,de,47.3667993,8.7847576,Pfäffikon,SP,1
Mircowi,303250865,12,19,11,91,Mirco Willi,5/22/11 15:04,de,47.516112,8.645423,Pfungen,FDP,1
JulienLoichat,256259889,188,169,0,165,Julien Loichat,2/23/11 0:15,fr,47.4173938,7.0752875,Porrentruy,SP,1
IhsanIkurt,456487963,209,110,1,374,Ihsan Kurt,1/6/12 9:22,fr,46.5354,6.60475,Prilly,SP,1
francoismonney,10406982,10186,1853,224,1075,François M. Monney,11/20/07 9:11,fr,46.5093,6.6616,Pully,BDP,1
Sim_Rap,401266928,397,295,43,334,Dimitri Simos-Rapin,10/30/11 9:11,fr,46.5093,6.6616,Pully,GPS,1
nilsrickert,293040714,240,186,7,122,Nils Rickert,5/4/11 17:15,de,47.2243186,8.8186672,Rapperswil-Jona,GLP,1
swisshardy,19995402,787,287,34,371,Hardy Jäggi,2/3/09 19:23,de,47.16125,7.594252,Recherswil,SP,1
ChristophLayer,344147703,4,18,1,46,Layer Christoph,7/28/11 16:26,de,47.4964522,7.5942608,Reinach,SP,1
AlbertoMocchi,284038016,5269,759,297,785,Alberto Mocchi,4/18/11 14:12,fr,46.5369,6.58478,Renens,GPS,1
DidierDivorne,1448798293,149,128,3,198,Didier Divorne,5/22/13 12:12,fr,46.5369,6.58478,Renens,RL,1
s_mettler,137307846,799,117,5,129,Samuel Mettler,4/26/10 11:54,de,47.54472,7.776104,Rheinfelden,EVP,1
SP_Riehen,2246062099,176,18,1,61,SP Riehen,12/14/13 19:40,de,47.5848753,7.6499584,Riehen,SP,1
Moberhaensli,1478115908,0,0,1,5,Michael Oberhänsli,6/2/13 20:12,de,47.211165,7.882716,Roggliswil,SVP,1
Oberthurgau,1024017499,281,180,16,156,Urs Martin,12/20/12 10:50,de,47.5637258,9.3701515,Romanshorn,SVP,1
RogerRSVP,2481986061,3,1,1,15,Roger Röösli,4/13/14 16:56,de,47.094004,8.272417,Rothenburg,SVP,1
GLP_Zug,868129284,4,30,0,12,glpZG,10/8/12 15:01,de,47.1409607,8.4319296,Rotkreuz,GLP,1
glpRischRotkreu,481294082,4,13,0,16,glp Risch Rotkreuz,2/2/12 15:18,de,47.1409607,8.4319296,Rotkreuz,GLP,1
BDPRubigen,2214210146,7,14,0,14,BDP Sektion Rubigen,11/25/13 15:04,de,46.9002,7.54926,Rubigen,BDP,1
MarkusLusti,2314329986,0,3,0,8,Markus Lusti,1/27/14 21:17,de,46.9002,7.54926,Rubigen,EVP,1
CHiltbrunner,1295602698,1070,120,623,122,ChristinaHiltbrunner,3/24/13 15:19,de,46.8216019,7.4393601,Rüeggisberg,EVP,1
pewe66,156203907,352,26,0,13,Peter Weidinger,6/16/10 8:30,de,47.2600572,8.8532354,Rüti,CVP,1
YvonneBuergin,2380493820,158,103,337,165,Yvonne Bürgin,3/9/14 13:50,de,47.2583008,8.8522501,Rüti,CVP,1
roduitbenjamin,2317281625,7,99,1,87,Roduit Benjamin,1/29/14 14:50,fr,46.1718129,7.1862577,Saillon,CVP,1
patrice_gfeller,198700971,87,73,1,77,Patrice Gfeller,10/5/10 0:50,fr,47.151775,6.997197,Saint-Imier,GPS,1
FFarquet,314556020,331,169,110,256,François Farquet,6/10/11 13:03,fr,46.253918,6.216459,Saint-Maurice,CVP,1
PLRStMaurice,555339377,77,101,0,116,PLR St-Maurice,4/16/12 18:50,fr,46.253918,6.216459,Saint-Maurice,FDP,1
ChapuisLolo,457708766,2,24,0,65,Chapuis Loïc,1/7/12 18:36,fr,47.3645287,7.1536999,Saint-Ursanne,SVP,1
udcvr64,256863130,210,281,12,314,Jean-Luc Addor,2/24/11 6:36,fr,46.2493328,7.3499212,Savièse,SVP,1
haraldjenny,336358581,361,40,5,73,Harald Jenny,7/16/11 4:53,de,47.7077664,8.6414424,Schaffhausen,FDP,1
AlexLimacher,351548364,1982,293,22,606,Alexander Limacher,8/9/11 12:05,de,47.17177,8.13905,Schenkon,SVP,1
J_Gfeller,313444910,27,12,0,74,Jonathan Gfeller,6/8/11 17:26,de,47.447398,8.137716,Schinznach,SP,1
NikolausWyss,482057586,82,88,8,363,Nikolaus Wyss,2/3/12 13:40,de,47.3984409,8.4440533,Schlieren,GLP,1
fa_b_au,275182338,508,166,15,358,Fabian Baumann,3/31/11 19:53,de,47.442165,9.076376,Schwarzenbach,BDP,1
marcusflepp,251282875,690,174,7,571,Marcus Flepp,2/12/11 20:32,de,47.442165,9.076376,Schwarzenbach,SP,1
schweizerclody,369975284,7,16,1,30,Claudia Schweizer,9/8/11 7:57,de,47.3536652,9.2485985,Schwellbrunn,SVP,1
JusoSchwyz,356034169,6,41,0,5,Juso Schwyz,8/16/11 7:28,de,47.0198346,8.6473977,Schwyz,SP,1
SPschwyz,470269120,2,34,0,22,SP Schwyz,1/21/12 14:16,de,47.021801,8.6584997,Schwyz,SP,1
Reto_Steinmann,29293066,20,41,1,130,Reto Steinmann,4/6/09 21:05,de,47.3435,8.77012,Seegräben,FDP,1
schollchristoph,970859814,43,35,4,108,Christoph Scholl,11/25/12 22:01,de,47.2057736,7.4549009,Selzach,FDP,1
Sonenfogel,190726438,0,8,0,39,Christian Bärtschi,9/14/10 17:51,de,47.535709,8.7340363,Seuzach,GLP,1
antholamon,271833159,165,313,19,326,Anthony Lamon,3/25/11 8:21,fr,46.2905006,7.5202498,Sierre,CVP,1
OlivierSalamin,297600093,290,401,1,123,Salamin Olivier,5/12/11 19:44,fr,46.2796058,7.5062903,Sierre,SP,1
PLRSierre,549132213,141,149,0,360,PLR Sierre,4/9/12 8:19,fr,46.2905006,7.5202498,Sierre,FDP,1
juliendeleze,786311353,134,217,12,183,Julien Délèze,8/28/12 5:57,fr,46.2308006,7.3848,Sion,SP,1
kasquet,403460647,1115,474,21,426,Florian Chappot,11/2/11 14:45,fr,46.2308006,7.3848,Sion,SP,1
michelrothen,149495104,35,372,8,23,Michel Rothen,5/29/10 12:43,fr,46.2308006,7.3848,Sion,CVP,1
PLRdistrictSion,1020300854,80,108,0,88,PLRdistrictSion,12/18/12 17:47,fr,46.2308006,7.3848,Sion,FDP,1
plrsion,608846353,425,251,2,445,plrsion,6/15/12 6:44,fr,46.2308006,7.3848,Sion,FDP,1
VertsduCentre,1651100172,25,80,5,121,Verts-Valais-Centre,8/6/13 20:08,fr,46.2308006,7.3848,Sion,GPS,1
isaacreber,231352195,223,511,19,165,Isaac Reber,12/28/10 8:06,de,47.4613727,7.8118588,Sissach,GPS,1
ClaudioMarrari,531029965,609,121,4,141,Claudio Marrari,3/20/12 8:23,de,47.2086574,7.5379549,Solothurn,SP,1
CVP_Kt_SO,251398848,34,130,1,6,CVP Kanton Solothurn,2/13/11 2:06,de,47.2086574,7.5379549,Solothurn,CVP,1
glpsolothurn,80323965,187,241,0,30,GLP Solothurn,10/6/09 15:08,de,47.2086574,7.5379549,Solothurn,GLP,1
glpsotbollinger,1527321150,393,91,232,164,GLP SO T.Bollinger,6/18/13 10:07,de,47.2086574,7.5379549,Solothurn,GLP,1
jcvpktsolothurn,472422839,150,158,18,47,JCVP Kt. Solothurn,1/23/12 22:56,de,47.2086574,7.5379549,Solothurn,CVP,1
jgktso,1114789069,695,397,72,729,Junge Grüne Kt SO,1/23/13 16:43,de,47.2086574,7.5379549,Solothurn,GPS,1
StrebelLuca,299328210,2479,412,1053,160,Luca Strebel,5/15/11 22:05,de,47.2086574,7.5379549,Solothurn,CVP,1
TheWini75,1373824650,106,32,0,94,Fred Wini,4/23/13 5:00,de,47.2086574,7.5379549,Solothurn,SP,1
turlesque,1918555794,83,69,0,225,Riccardo Turla,9/30/13 1:22,de,47.2086574,7.5379549,Solothurn,GPS,1
YvesDerendinger,347170146,30,75,1,66,Yves Derendinger,8/2/11 11:30,de,47.2086574,7.5379549,Solothurn,FDP,1
YvesFankhauser,317644627,1061,273,111,253,Yves Fankhauser,6/15/11 7:39,de,47.2086574,7.5379549,Solothurn,SP,1
sjboesch,487550280,140,122,6,84,Sarah Bösch ,2/9/12 13:48,de,47.4216995,9.3750801,St. Gallen,SVP,1
angelozehr,29306310,1234,582,172,673,Angelo Zehr,4/6/09 22:06,de,47.4216995,9.3750801,St. Gallen,SP,1
BDPSG,422612208,115,119,0,130,BDP St.Gallen,11/27/11 13:29,de,47.4216995,9.3750801,St. Gallen,BDP,1
benjaminschlege,220035670,139,120,4,61,Benjamin Schlegel,11/26/10 16:02,de,47.4216995,9.3750801,St. Gallen,SP,1
BorisTschirky,321475299,18,41,0,25,Boris Tschirky,6/21/11 16:49,de,47.4216995,9.3750801,St. Gallen,CVP,1
EllenCHSG,1509952110,8653,456,10919,793,Ellen Tedaldi,6/12/13 9:11,de,47.4216995,9.3750801,St. Gallen,EVP,1
hugentoblersg,167773520,1385,267,290,440,michael hugentobler,7/17/10 13:30,de,47.4216995,9.3750801,St. Gallen,CVP,1
jcvp_sg,274503546,10,80,0,44,JCVP SG,3/30/11 12:34,de,47.4216995,9.3750801,St. Gallen,SVP,1
jgrueneSG,194045640,1,73,0,4,Junge Grüne SG,9/23/10 9:02,de,47.4216995,9.3750801,St. Gallen,GPS,1
jusosg,68141375,32,223,27,40,JUSO St. Gallen,8/23/09 13:17,de,47.4216995,9.3750801,St. Gallen,SP,1
MartinWuermli,523440161,15,57,6,136,Martin Würmli,3/13/12 16:50,de,47.4216995,9.3750801,St. Gallen,CVP,1
michaelhueppi,399298167,82,57,0,37,Michael Hüppi,10/27/11 9:00,de,47.4216995,9.3750801,St. Gallen,CVP,1
originalmitte,330247016,74,6,0,3,dasoriginaldermitte,7/6/11 10:16,de,47.4216995,9.3750801,St. Gallen,CVP,1
timrue,2336695268,2,37,1,43,Tim Rüdiger,2/10/14 13:35,de,47.4216995,9.3750801,St. Gallen,SP,1
walterlocher,259900581,36,77,1,96,Walter Locher,3/2/11 20:42,de,47.4216995,9.3750801,St. Gallen,FDP,1
SVPAargau,343311447,0,98,0,4,SVP Aargau,7/27/11 11:16,de,47.379984,8.166527,Staufen,SVP,1
ChristianAmsler,1055991817,256,459,6,811,Christian Amsler,1/2/13 20:06,de,47.73845,8.66171,Stetten,FDP,1
gehrigerg,902414491,90,328,2,1383,Georges Gehriger,10/24/12 19:03,de,47.392886,7.971289,Stüsslingen,GLP,1
FlorianTillHunz,2213956536,0,28,0,166,FlorianTillHunziker,11/25/13 11:55,de,47.373214,8.07952,Suhr,SP,1
fregazzi,991720068,332,564,2,221,Fabio Regazzi,12/5/12 20:39,it,46.818188,8.227512,Switzerland,CVP,1
reneisler,486561007,5184,1148,425,1992,René Isler,2/8/12 12:29,de,46.818188,8.227512,Switzerland,SVP,1
frederic_nouchi,154102793,548,51,10,153,Frédéric Nouchi ,6/10/10 11:12,fr,46.818188,8.227512,Switzerland,SP,1
Orion1949,49365782,52,64,0,158,Michel Farine,6/21/09 17:10,fr,46.818188,8.227512,Switzerland,SP,1
ACGraber,1351458116,29,37,0,44,Anne-Caroline Graber,4/14/13 9:33,fr,46.818188,8.227512,Switzerland,SVP,1
aticili,330429499,1545,355,1239,360,Atilla C. Cilingir,7/6/11 16:16,de,46.818188,8.227512,Switzerland,GLP,1
BDP_Rheintal,422877914,459,11,0,12,BDP-Rheintal,11/27/11 20:10,de,46.818188,8.227512,Switzerland,BDP,1
BinderMarianne,469549703,123,251,14,263,Marianne Binder,1/20/12 18:29,de,46.818188,8.227512,Switzerland,CVP,1
Cedric_A_Anker,334758027,61,40,8,142,Cédric André Anker,7/13/11 16:34,fr,46.818188,8.227512,Switzerland,SVP,1
christamutter,251215698,133,192,14,153,christa mutter,2/12/11 17:43,de,46.818188,8.227512,Switzerland,GPS,1
ChristinaS20,1428216948,503,96,210,343,Christina S.,5/14/13 16:17,de,46.818188,8.227512,Switzerland,GLP,1
cyberfox59,222513464,1275,144,127,396,Michael Heinz Rohrer,12/3/10 16:55,fr,46.818188,8.227512,Switzerland,BDP,1
cyrillbolliger,293927436,986,262,223,360,Cyrill Bolliger,5/6/11 6:55,de,46.818188,8.227512,Switzerland,GPS,1
dasNils,476737421,37,13,0,40,Nils Jocher,1/28/12 12:47,de,46.818188,8.227512,Switzerland,SP,1
davidgaraventa,122092420,119,24,0,27,David Garaventa,3/11/10 15:26,de,46.818188,8.227512,Switzerland,EVP,1
DeGauCHe,143471740,1208,683,2,387,Charpié Frédéric,5/13/10 15:14,fr,46.818188,8.227512,Switzerland,RL,1
EDUSchweiz,297862387,534,156,63,18,EDU Schweiz,5/13/11 7:39,de,46.818188,8.227512,Switzerland,RR,1
Emei21,110142357,7,18,0,26,Esther Meier,1/31/10 13:55,de,46.818188,8.227512,Switzerland,GPS,1
Evar100,221125750,311,115,105,520,Evaristo Roncelli,11/29/10 20:25,it,46.818188,8.227512,Switzerland,SP,1
FrancoisBosson,370342030,20,133,0,203,François Bosson,9/8/11 21:24,fr,46.818188,8.227512,Switzerland,CVP,1
gaynossInnen,194901230,325,768,28,80,GaynossInnen JUSO,9/25/10 8:02,de,46.818188,8.227512,Switzerland,SP,1
ginny_139,712258374,18,154,11,213,Virginia Koepfli,7/23/12 11:18,de,46.818188,8.227512,Switzerland,SP,1
hedilamnna,1002663290,2121,183,1023,172,Hedi Lamanna,12/10/12 22:04,de,46.818188,8.227512,Switzerland,FDP,1
ibelep,1250938993,61,14,4,58,Patrick Ibele,3/8/13 6:32,de,46.818188,8.227512,Switzerland,FDP,1
IHSUDG,2340000259,2,2,0,54,Milan Blagojevic,2/12/14 8:39,de,46.818188,8.227512,Switzerland,FDP,1
JBDP_CH,891665384,152,249,24,108,Junge BDP,10/19/12 19:29,de,46.818188,8.227512,Switzerland,BDP,1
jcvpsz,1250025740,26,76,17,57,JCVP Schwyz,3/7/13 20:50,de,46.818188,8.227512,Switzerland,CVP,1
Jungfreisinnige,141551329,360,1155,3,23,Jungfreisinnige CH,5/8/10 11:12,de,46.818188,8.227512,Switzerland,FDP,1
Kachelmann,102911449,28307,19804,5577,163,Jörg Kachelmann,1/8/10 6:55,de,46.818188,8.227512,Switzerland,CVP,1
KevinAK03,1238751432,12,17,0,71,Kevin K. ,3/3/13 12:23,fr,46.818188,8.227512,Switzerland,FDP,1
LeManu71,28755167,236,201,0,109,Manuel Donze,4/4/09 6:44,fr,46.818188,8.227512,Switzerland,CVP,1
LorenzBoesch,93370766,273,240,97,374,Lorenz Bösch,11/29/09 10:09,de,46.818188,8.227512,Switzerland,CVP,1
ManuelCadonau,244326458,2041,2611,805,1911,Manuel Cadonau,1/29/11 2:06,de,46.818188,8.227512,Switzerland,SVP,1
MarianneMeister,964618177,20,43,0,136,Marianne Meister,11/22/12 17:07,de,47.622664,8.939597,Switzerland,FDP,1
Martin_Kaegi,2220023376,32,11,7,120,Martin Kägi,11/28/13 16:35,de,46.818188,8.227512,Switzerland,FDP,1
Mirco_Wuergler,16828831,11,32,1,85,Mirco Würgler,10/17/08 18:54,it,46.818188,8.227512,Switzerland,SVP,1
muellernicola,722021454,122,64,48,197,Nicola Müller,7/28/12 11:41,de,46.818188,8.227512,Switzerland,SP,1
nilsmanuelseitz,231546115,25,37,38,75,Nils Manuel Seitz,12/28/10 20:46,de,46.818188,8.227512,Switzerland,SP,1
Oberholzer1,389958155,235,137,14,252,Oberholzer,10/13/11 7:42,fr,46.818188,8.227512,Switzerland,SP,1
OskarFreysinger,1277895559,43,1758,0,75,Oskar Freysinger,3/18/13 14:26,fr,46.818188,8.227512,Switzerland,SVP,1
PaulAndreRoux,305805901,8,209,0,52,Paul-Andre Roux,5/26/11 20:33,fr,46.818188,8.227512,Switzerland,CVP,1
PDCVr,171511567,926,726,0,37,PDC Valais romand,7/27/10 14:30,fr,46.818188,8.227512,Switzerland,CVP,1
phil_ruckstuhl,288189494,6,5,0,10,Philipp Ruckstuhl,4/26/11 11:59,de,46.818188,8.227512,Switzerland,CVP,1
politmga1,2282629668,203,55,24,315,politmga,1/8/14 21:13,fr,46.818188,8.227512,Switzerland,GPS,1
quentin_krattig,426866673,693,275,220,805,Quentin Krattiger,12/2/11 20:12,fr,46.818188,8.227512,Switzerland,BDP,1
schumi_schweiz,27414946,169,97,4,113,Jürg Schumacher,3/29/09 12:04,de,46.818188,8.227512,Switzerland,BDP,1
svinf,477907955,1450,386,34,452,Sven Infanger,1/29/12 18:04,de,46.818188,8.227512,Switzerland,FDP,1
sylvieguillaume,167328296,2596,3033,29,918,Sylvie Guillaume,7/16/10 8:52,fr,47.595798,8.784022,Switzerland,SP,1
UDCch,574309712,18,65,0,73,UDC Suisse,5/8/12 8:34,fr,46.818188,8.227512,Switzerland,SVP,1
werthomas,82623765,21,17,2,37,Thomas Werner,10/15/09 14:02,de,46.818188,8.227512,Switzerland,SVP,1
wittwermarcel,81696256,76,43,2,73,Marcel Wittwer,10/11/09 22:08,de,46.818188,8.227512,Switzerland,RR,1
YvanBotteron,207037466,181,80,0,69,Yvan Botteron,10/24/10 11:02,fr,46.818188,8.227512,Switzerland,FDP,1
Yvette67Yvette,1017350089,69,454,3,146,Yvette Estermann,12/17/12 12:15,de,46.818188,8.227512,Switzerland,SVP,1
ThomasRauber,313984640,208,122,30,255,Thomas Rauber,6/9/11 14:42,de,46.81843,7.2133,Tafers,CVP,1
Calame_Thonex,1264887348,166,89,1,56,Philippe Calame,3/13/13 16:41,fr,46.1864014,6.1897202,Thônex,CVP,1
carlosreinhard,55478449,693,441,3,544,Carlos Reinhard,7/10/09 5:14,de,46.7484284,7.6262985,Thun,FDP,1
fdpthun,219587038,31,51,0,37,FDP Thun,11/25/10 8:24,de,46.7484284,7.6262985,Thun,FDP,1
JanicStalder,592865559,45,18,4,62,Janic Stalder,5/28/12 14:45,de,46.7484284,7.6262985,Thun,FDP,1
LukasLanzrein,114183852,783,432,1,944,Lukas Lanzrein,2/14/10 12:50,de,46.7484284,7.6262985,Thun,SVP,1
roman_gugger,64721779,1621,608,279,1124,✰ Roman Gugger,8/11/09 14:05,de,46.7484284,7.6262985,Thun,GPS,1
thunomania,98179813,280,145,2,133,Andreas Kübli,12/20/09 18:37,de,46.7484284,7.6262985,Thun,GLP,1
JCVP_Thurgau,261796468,499,168,21,148,Junge CVP Thurgau,3/6/11 18:37,de,47.6037856,9.0557371,Thurgau,CVP,1
JusoThurgau,22845415,54,276,1,22,Juso Thurgau,3/4/09 22:24,de,47.6037856,9.0557371,Thurgau,SP,1
svptg,27109773,329,306,4,77,SVP Thurgau,3/27/09 22:04,de,47.6037856,9.0557371,Thurgau,SVP,1
GemmadUrso,514444508,10,44,0,50,Gemma d'Urso,3/4/12 15:16,it,46.331734,8.8004529,Ticino,SP,1
GLR_T,125399619,46,164,1,8,GiovaniLiberali GLRT,3/22/10 17:49,it,46.331734,8.8004529,Ticino,FDP,1
JUSO_TI,314613326,5,64,0,4,Gioventù socialista,6/10/11 14:53,it,46.331734,8.8004529,Ticino,SP,1
normangobbi,114168255,1636,1708,124,122,Norman Gobbi,2/14/10 11:21,it,46.331734,8.8004529,Ticino,RR,1
fredglassey,56964852,1046,534,40,785,Frédéric Glassey / F,7/15/09 8:32,fr,46.5053291,6.4742599,Tolochenaz,FDP,1
suissepad,250087179,1618,494,43,521,Pascal Dubosson,2/10/11 11:49,fr,46.236478,6.8623492,Troistorrents,CVP,1
ZengerAnna,2283758557,6,16,2,26,Annekäthi Zenger,1/9/14 15:43,de,46.7733151,7.5741788,Uetendorf,GPS,1
messerlik,198771635,1,2,0,4,Kurt Messerli,10/5/10 5:52,de,47.3869051,8.4254167,Urdorf,SVP,1
jf_uri,550902256,166,168,1,327,Jungfreisinnige Uri,4/11/12 11:12,de,46.7738629,8.6025153,Uri,FDP,1
feldmann_uster,194554762,1289,393,2,60,Stefan Feldmann,9/24/10 12:33,de,47.3484905,8.7175286,Uster,SP,1
Schneimere,1426055527,335,266,39,282,Meret Schneider,5/13/13 18:02,de,47.3484905,8.7175286,Uster,GPS,1
TPedrazzoli,447286632,11,9,0,2,Thomas Pedrazzoli,12/26/11 18:25,de,47.3484905,8.7175286,Uster,FDP,1
markus_jlehmann,2341228432,25,11,18,26,Markus Lehmann,2/13/14 12:37,de,47.1278999,7.55825,Utzenstorf,SVP,1
BornHansUlrich,374043081,301,25,15,59,Hansueli Born,9/15/11 16:18,de,46.960562,7.565915,Utzigen,SVP,1
IgnazBearth,533600766,5,10,0,10,Ignaz Bearth,3/22/12 21:17,de,47.437051,9.13332,Uzwil,RR,1
FDP_Uzwil,1357581404,2,5,0,6,FDP Uzwil,4/16/13 18:33,de,47.437051,9.13332,Uzwil,FDP,1
jnbovard,464119567,33,2,0,8,Jean-Noël Bovard,1/14/12 21:32,fr,46.918015,6.58181,Val-de-Travers,SP,1
LebelCalame,399924580,373,132,2,133,Johanne Lebel Calame,10/28/11 7:41,fr,46.918015,6.58181,Val-de-Travers,SP,1
PLRVdT,524196941,162,14,3,707,PLR Val-de-Travers,3/14/12 9:46,fr,46.918015,6.58181,Val-de-Travers,FDP,1
ajrac1,141148080,736,150,14,85,Alexandre Cipolla,5/7/10 8:58,fr,46.1904614,7.5449226,Valais,SVP,1
Berkahal,122028179,64,50,1,121,Sauthier Flavien ,3/11/10 10:43,fr,46.2094269,7.6059422,Valais,CVP,1
cvpoberwallis,1249664444,1,41,0,29,CVP Oberwallis,3/7/13 17:45,de,46.2094269,7.6059422,Valais,CVP,1
jdcvalaisromand,267072329,69,370,1,135,jdcvalaisromand,3/16/11 8:38,fr,46.1904614,7.5449226,Valais,CVP,1
LaGaucheVsr,217128661,2,127,0,254,La Gauche Atltern.,11/18/10 17:22,fr,46.2094269,7.6059422,Valais,RL,1
lucien_c,126733456,2618,580,12,910,Lucien,3/26/10 20:37,fr,46.1904614,7.5449226,Valais,CVP,1
mariebender,54348165,20189,1950,48,1008,Marie P Bender,7/6/09 22:02,fr,46.1904614,7.5449226,Valais,RL,1
SPOberwallis,350890470,0,20,0,2,SP Oberwallis,8/8/11 13:32,de,46.1904614,7.5449226,Valais,SP,1
stephaneveya,267114741,47,256,0,118,Stéphane Veya,3/16/11 10:43,fr,46.1904614,7.5449226,Valais,CVP,1
BonifazK,1004437802,963,70,2,418,Bonifaz Kühne,12/11/12 17:03,de,46.969373,9.48177,Valens,SVP,1
barrylopez,31134998,4044,761,15,1274,Barry Lopez,4/14/09 14:36,fr,46.71242,6.37965,Vallorbe,FDP,1
ronazacharias,1014936704,16,36,0,91,ZACHARIAS Ronald,12/16/12 10:43,fr,46.2212982,6.2021499,Vandœuvres,RR,1
JeunesUDCVaud,557802414,313,415,34,285,Jeunes UDC Vaud,4/19/12 13:37,fr,46.635696,6.532072,Vaud,SVP,1
JLRVaud,160474160,790,572,1,409,JLRV,6/28/10 7:57,fr,46.5613135,6.536765,Vaud,FDP,1
JSVaud,491614610,284,713,39,622,Jeune Socialiste VD,2/13/12 20:42,fr,46.5613135,6.536765,Vaud,SP,1
UDCVaud,1091448444,41,179,0,115,UDCVaud,1/15/13 8:51,fr,46.635696,6.532072,Vaud,SVP,1
VeroniqueHurni,439521495,1,8,0,5,Véronique Hurni,12/17/11 22:00,fr,46.635696,6.532072,Vaud,FDP,1
VertsVD,284951778,60,270,0,11,Les Verts vaudois,4/20/11 8:01,fr,46.5613135,6.536765,Vaud,GPS,1
DAngeloVladimir,444049516,14,1,4,5,D'Angelo Vladimir,12/22/11 20:51,fr,46.4627306,6.8424313,Vevey,CVP,1
jrilliet,30179035,2264,1821,275,824,Julien Rilliet,4/10/09 7:00,fr,46.4627306,6.8424313,Vevey,SP,1
Pa8lo_gabriel,495796774,500,239,39,351,Pablo Gabriel,2/18/12 9:56,fr,46.4627306,6.8424313,Vevey,SP,1
PBD_VD_RIVIERA,2178673152,32,25,9,51,PBD_VD_RIVIERA,11/6/13 19:33,fr,46.4627306,6.8424313,Vevey,BDP,1
PLRVevey,2408578878,17,14,0,24,PLR.Vevey,3/24/14 8:02,fr,46.4627306,6.8424313,Vevey,FDP,1
CarlosA_Pena,16665813,1578,194,74,457,CarlosA_Pena,10/9/08 13:19,fr,47.3487396,7.4162102,Vicques,SP,1
dylankarlen,331653369,590,270,33,391,Dylan Karlen,7/8/11 14:23,fr,46.395401,6.92275,Villeneuve,SVP,1
NicodeAngelisVD,968635638,60,80,19,101,Nicolas de Angelis,11/24/12 19:24,fr,46.395401,6.92275,Villeneuve,SP,1
PSVilleneuve,541990922,308,149,23,201,PS Villeneuve,3/31/12 21:19,fr,46.395401,6.92275,Villeneuve,SP,1
UDCVilleneuve,599918033,172,103,8,108,UDC Villeneuve,6/5/12 7:49,fr,46.395401,6.92275,Villeneuve,SVP,1
SPVisp,486430234,74,54,3,109,SP Visp,2/8/12 8:52,de,46.2944841,7.8852075,Visp,SP,1
ThBurgener,97223692,1107,693,98,510,Thomas Burgener,12/16/09 14:52,de,46.2944841,7.8852075,Visp,SP,1
PhilippKutter,316336539,96,196,7,154,Philipp Kutter,6/13/11 9:07,de,47.2504151,8.6395061,Wädenswil,CVP,1
petarmarj,617568268,3891,1119,2496,876,Petar Marjanovic,6/24/12 23:18,de,47.123,9.3143,Walenstadt,SP,1
FdpAR,320968960,25,69,0,32,FDP.Die Liberalen AR,6/20/11 20:26,de,47.4491106,9.6028173,Walzenhausen,FDP,1
BabaSteinemann,385293664,240,255,241,239,Barbara Steinemann,10/5/11 7:24,de,47.442716,8.481454,Watt,SVP,1
BDPWeinfelden,492511027,53,31,0,34,BDP Weinfelden,2/14/12 20:12,de,47.5658661,9.1101845,Weinfelden,BDP,1
SimoneCurau,1960013784,3,18,1,24,Simone Curau-Aepli,10/14/13 6:23,de,47.5658661,9.1101845,Weinfelden,CVP,1
CVPWettingen,372993236,86,50,2,13,CVP Wettingen,9/13/11 20:05,de,47.4642156,8.3264616,Wettingen,CVP,1
MichaelMerkli,428852601,132,38,0,23,Michael Merkli,12/5/11 7:56,de,47.4642156,8.3264616,Wettingen,BDP,1
Jeanine_Glarner,124862435,186,114,1,32,Jeanine Glarner,3/20/10 20:58,de,47.4152908,8.16537,Wildegg,FDP,1
SabrinaBurgherr,387100149,163,172,8,199,Sabrina Burgherr,10/8/11 13:28,de,47.268431,8.014673,Wiliberg,SVP,1
ThomasBurgherr,353662120,268,101,0,107,Thomas Burgherr,8/12/11 12:57,de,47.268431,8.014673,Wiliberg,SVP,1
RafFischer,243694684,434,454,54,385,Raffael Fischer,1/27/11 16:23,de,47.1211763,7.9924888,Willisau,GPS,1
dieter_egli,309915281,248,206,7,122,Dieter Egli,6/2/11 21:54,de,47.479347,8.217992,Windisch,SP,1
PascalGaehler,459538626,195,119,5,157,Pascal Gähler,1/9/12 19:47,de,47.49995,8.7375646,Winterthur,FDP,1
AnnettaSteiner,355521510,23,76,3,75,AnnettaSteiner,8/15/11 13:55,de,47.49995,8.7375646,Winterthur,GLP,1
bem8400,331602947,26,98,1,25,Beat Meier,7/8/11 12:41,de,47.49995,8.7375646,Winterthur,GLP,1
bettinaschnider,2182849766,106,86,119,175,Bettina Schnider,11/8/13 20:07,de,47.49995,8.7375646,Winterthur,CVP,1
CarolaEtterGick,295860304,15,141,0,49,Carola Etter-Gick,5/9/11 19:48,de,47.49995,8.7375646,Winterthur,FDP,1
ChantalLeupi,393370031,26,57,0,48,Chantal Leupi,10/18/11 12:47,de,47.49995,8.7375646,Winterthur,SVP,1
JFwinterthur,212298304,3,80,0,43,JFW,11/5/10 17:53,de,47.49995,8.7375646,Winterthur,FDP,1
JUSOwinti,1392090636,10,36,0,30,JUSO Winterthur,4/30/13 13:46,de,47.49995,8.7375646,Winterthur,SP,1
MajaIngold,2341633765,55,75,5,44,Maja Ingold,2/13/14 8:30,de,47.49995,8.7375646,Winterthur,EVP,1
ManuelSahli,869510474,93,36,12,68,Manuel Sahli,10/9/12 8:54,de,47.49995,8.7375646,Winterthur,RL,1
MarcoFritschi,29211059,777,239,139,426,Marco Fritschi,4/6/09 14:36,de,47.49995,8.7375646,Winterthur,SP,1
matthiasgubler,209219312,71,91,19,223,Matthias Gubler,10/28/10 19:08,de,47.49995,8.7375646,Winterthur,SVP,1
yvonnegruber,499257256,80,55,42,256,Yvonne R. Gruber,2/21/12 23:08,de,47.496,8.7385,Winterthur,BDP,1
BruelisauerS,2201099955,45,91,20,232,Samuel Brülisauer,11/30/13 0:10,de,47.4626055,9.3877037,Wittenbach,SP,1
arseneperroud,562728765,66,49,1,119,Arsène Perroud,4/25/12 6:30,de,47.3519764,8.2757284,Wohlen,SP,1
leitch_frey,332844876,111,183,0,119,Thomas Leitch,7/10/11 14:38,de,47.3519764,8.2757284,Wohlen,SP,1
MeyerhansCVPSZ,285854240,124,126,1,41,MeyerhansCVPSZ,4/21/11 22:29,de,47.1954994,8.7205,Wollerau,CVP,1
familienmann,237767765,814,274,29,47,Lukas Zimmermann,1/13/11 15:50,de,46.9305476,7.5652984,Worb,EVP,1
MichelOttinger,193637327,39,33,0,39,Michel Ottinger,9/22/10 9:59,de,47.496537,9.108701,Wuppenau,SVP,1
PS_Yvonand,227414487,14,26,0,13,PS Yvonand,12/16/10 19:49,fr,46.7982374,6.7450389,Yvonand,SP,1
orianeengel,121476812,362,550,11,599,Oriane Engel,3/9/10 16:29,fr,46.331712,6.958685,Yvorne,FDP,1
ArniMarco,830417694,242,129,60,167,Marco Arni,9/18/12 5:33,de,47.2927991,7.9439368,Zofingen,GLP,1
marcelthueler,762061896,58,42,1,57,Marcel Thueler-Uhr,8/16/12 18:22,de,47.2927991,7.9439368,Zofingen,SP,1
santenen,45344464,357,229,46,226,Sascha Antenen,6/7/09 14:09,de,47.2927991,7.9439368,Zofingen,SP,1
SPZofingen,1722961586,113,63,3,233,SP Zofingen,9/2/13 17:23,de,47.2927991,7.9439368,Zofingen,SP,1
VivianeHoesli,304432144,147,105,37,141,Viviane Hösli,5/24/11 14:12,de,47.2927991,7.9439368,Zofingen,SP,1
BrunoVanoni1,627412337,44,61,5,102,Bruno Vanoni,7/5/12 14:06,de,46.9982687,7.4513233,Zollikofen,GPS,1
ChrisSchnieper,284003315,6,57,0,25,Christian Schnieper,4/18/11 12:47,de,47.1767007,8.5088658,Zug,CVP,1
DominikSZug,318969267,274,200,20,424,Dominik Schwerzmann,6/17/11 10:45,de,47.1767007,8.5088658,Zug,CVP,1
FDPStadtZug,771147476,81,68,8,42,FDP Stadt Zug,8/21/12 9:06,de,47.1767007,8.5088658,Zug,FDP,1
glp_Kanton_Zug,363111387,19,6,0,1,glp Kanton Zug,8/27/11 15:04,de,47.1767007,8.5088658,Zug,GLP,1
GregorRBruhin,320321464,256,173,1,232,Gregor R. Bruhin,6/19/11 18:13,de,47.1767007,8.5088658,Zug,SVP,1
JolandaSpiess,277636125,495,404,511,1126,Jolanda Spiess,4/5/11 19:27,de,47.1767007,8.5088658,Zug,GPS,1
JUSOZug,598713550,32,146,3,137,JUSO Zug,6/3/12 22:22,de,47.1767007,8.5088658,Zug,SP,1
levin_schmid,312181578,18,58,0,10,Levin Schmid,6/6/11 18:20,de,47.1767007,8.5088658,Zug,GPS,1
AEggenschwiler,269224674,460,58,0,194,A. Eggenschwiler,3/20/11 10:05,de,47.3686498,8.5391825,Zurich,SP,1
_Isabel_Garcia_,105872088,793,333,237,313,Isabel Garcia,1/17/10 19:42,de,47.3686498,8.5391825,Zurich,GLP,1
_Kuyper,60569382,8259,743,45,1090,Matthias Kuyper,7/27/09 11:27,de,47.3686498,8.5391825,Zurich,GLP,1
aburgerabz,22914815,3365,764,400,952,Andreas Burger,3/5/09 12:54,de,47.3686498,8.5391825,Zurich,SP,1
ADSangines,250650617,1459,536,373,449,Alan David Sangines,2/11/11 14:36,de,47.3686498,8.5391825,Zurich,SP,1
al_zuerich,377432459,502,441,7,75,Alternative Liste ZH,9/21/11 15:30,de,47.3686498,8.5391825,Zurich,RL,1
anbarrile,219076403,44,109,0,58,Angelo Barrile,11/23/10 21:31,de,47.3686498,8.5391825,Zurich,SP,1
andereggru,2169849560,12,10,3,35,Ruth Anderegg,11/2/13 8:35,de,47.3686498,8.5391825,Zurich,SP,1
AndiEgli,1933791067,6,0,0,13,Andreas Egli,10/4/13 9:55,de,47.3686498,8.5391825,Zurich,FDP,1
andreashauri,168563924,153,222,46,156,Andreas Hauri,7/20/10 7:04,de,47.3686498,8.5391825,Zurich,GLP,1
AngeloLanini,460005020,6093,351,445,1193,Angelo Lanini,1/10/12 8:43,de,47.3686498,8.5391825,Zurich,SVP,1
AreYouBilingual,182108044,45,73,6,170,Sandra Tinner,8/23/10 21:14,de,47.3686498,8.5391825,Zurich,SP,1
bapeZH,1685822016,0,6,0,31,Petra Baettig,8/20/13 13:52,de,47.3686498,8.5391825,Zurich,FDP,1
cbretscher,28367587,318,207,225,199,Christian Bretscher,4/2/09 16:24,de,47.3686498,8.5391825,Zurich,FDP,1
charli177,1967595878,13,34,0,47,Carlos Mora,10/17/13 21:06,de,47.3686498,8.5391825,Zurich,GLP,1
ChLucek,1870892838,4,15,0,9,Christian Lucek,9/16/13 9:41,de,47.3686498,8.5391825,Zurich,SVP,1
CorneliaKeller1,586382710,5,15,0,12,Cornelia Keller,5/21/12 8:52,de,47.3686498,8.5391825,Zurich,BDP,1
cortesfa,99340649,413,288,46,681,Fabian Cortesi,12/25/09 18:52,de,47.3686498,8.5391825,Zurich,GPS,1
CVP_Zuerich,2255302334,61,133,20,310,CVP Kanton Zürich,12/20/13 17:32,de,47.3686498,8.5391825,Zurich,CVP,1
CVPStadtZH,1598079632,429,108,146,78,CVP Stadt Zürich,7/16/13 10:26,de,47.3686498,8.5391825,Zurich,CVP,1
fdp_zh1,473077192,27,46,0,8,FDP Zürich 1,1/24/12 16:27,de,47.3686498,8.5391825,Zurich,FDP,1
felix_moser,372480800,607,97,74,183,Felix Moser,9/12/11 21:11,de,47.3686498,8.5391825,Zurich,GPS,1
flluethi,507992225,1227,178,386,279,Florian Lüthi,2/28/12 22:08,de,47.3686498,8.5391825,Zurich,GLP,1
g_hassla,1239880592,129,26,52,114,Lukas Baier,3/3/13 21:31,de,47.3686498,8.5391825,Zurich,SP,1
glpzh,370169491,241,281,0,47,Grünliberale Zürich,9/8/11 15:38,de,47.3686498,8.5391825,Zurich,GLP,1
huberfe,381126503,2716,254,157,251,Felix Huber,9/27/11 19:52,de,47.3686498,8.5391825,Zurich,GLP,1
jcvpZH,1142446568,196,162,30,225,Junge CVP Kt. Zürich,2/2/13 13:20,de,47.3686498,8.5391825,Zurich,CVP,1
jf_zhunterland,439140744,12,42,1,62,JF Zürcher Unterland,12/17/11 12:12,de,47.3686498,8.5391825,Zurich,FDP,1
JFZH,93267440,366,385,15,29,Jungfreisinnige ZH,11/28/09 21:57,de,47.3686498,8.5391825,Zurich,FDP,1
jglpZH,1413152004,154,141,11,66,Junge glp Zürich,5/8/13 15:49,de,47.3686498,8.5391825,Zurich,GLP,1
jusozueri,974460312,188,203,17,26,JUSO Stadt Zürich,11/27/12 18:57,de,47.3686498,8.5391825,Zurich,SP,1
kim_in_cloud,402962819,218,302,5,417,Kim Schweri,11/1/11 20:38,de,47.3686498,8.5391825,Zurich,GPS,1
KlemensKaufmann,353285302,30,10,0,30,Klemens Kaufmann,8/11/11 20:55,de,47.3686498,8.5391825,Zurich,CVP,1
kuroobi77,130142332,0,15,0,86,Roger Gerber,4/6/10 12:49,de,47.3686498,8.5391825,Zurich,SVP,1
leererSlot,226280762,110,4,9,36,Düsentrieb,12/13/10 19:48,de,47.3686498,8.5391825,Zurich,SP,1
LewinLempert,608397945,152,106,19,91,Lewin Lempert,6/14/12 17:15,de,47.3686498,8.5391825,Zurich,SP,1
LiebiRoger,299040170,985,438,1,314,Roger Liebi,5/15/11 11:58,de,47.3686498,8.5391825,Zurich,SVP,1
LucaMaggiJG,1125301153,796,420,89,240,Luca Maggi,1/27/13 15:02,de,47.3686498,8.5391825,Zurich,GPS,1
Luchsinger_glp,36306286,170,351,0,205,Martin Luchsinger,4/29/09 6:43,de,47.3686498,8.5391825,Zurich,GLP,1
maede22,254201800,13,9,1,87,Matthias Bürli,2/18/11 20:34,de,47.3686498,8.5391825,Zurich,GLP,1
marcelbuehrig,339561144,8731,692,1065,349,Marcel Bührig,7/21/11 9:07,de,47.3686498,8.5391825,Zurich,GPS,1
MarcoKiefer,338856550,6843,2235,19,1992,Marco Kiefer,7/20/11 6:01,de,47.3686498,8.5391825,Zurich,SVP,1
MarianneAubert,2188894423,11,67,8,93,Marianne Aubert,11/11/13 19:24,de,47.3686498,8.5391825,Zurich,SP,1
MarkusBours,1682803070,2,8,0,28,Markus Bours,8/19/13 9:18,de,47.3686498,8.5391825,Zurich,CVP,1
Michael_Kern,41800256,28,31,5,67,Michael Kern,5/22/09 12:18,de,47.3686498,8.5391825,Zurich,SP,1
michaelbaumer,143770918,153,205,0,116,Michael Baumer,5/14/10 10:27,de,47.3686498,8.5391825,Zurich,FDP,1
MichelFontanive,472207422,13,57,0,219,Michel M. Fontanive,1/23/12 18:20,de,47.3686498,8.5391825,Zurich,FDP,1
michikraft,1325428465,212,186,47,231,Michael Kraft,4/3/13 20:57,de,47.3686498,8.5391825,Zurich,SP,1
michsorg,596317610,329,247,7,319,Michael Sorg,6/1/12 10:00,de,47.3686498,8.5391825,Zurich,SP,1
MonikaRue,238654790,274,46,8,172,Monika Rue,1/15/11 18:08,de,47.3686498,8.5391825,Zurich,SP,1
MSchoenbaechler,352531357,322,115,7,157,Marcel Schönbächler,8/10/11 19:10,de,47.3686498,8.5391825,Zurich,CVP,1
muelm,160563217,459,297,6,250,Marcel Müller,6/28/10 14:37,de,47.3686498,8.5391825,Zurich,FDP,1
NinaFehrZH,2300952242,20,141,5,55,Nina Fehr Düsel,1/20/14 7:32,de,47.3686498,8.5391825,Zurich,SVP,1
peider,96126210,2214,448,103,806,Peider Filli,12/11/09 13:30,de,47.3686498,8.5391825,Zurich,GPS,1
puehrig92,76612985,1694,723,92,1559,Pascal Bührig,9/23/09 10:44,de,47.3686498,8.5391825,Zurich,SP,1
RegulaVogel,468421706,52,36,3,62,Regula Vogel,1/19/12 14:35,de,47.3686498,8.5391825,Zurich,FDP,1
ricobrazerol,97637492,734,275,20,344,Rico Brazerol,12/18/09 10:27,de,47.3686498,8.5391825,Zurich,BDP,1
rolandmunz,20864900,292,256,10,82,Roland Munz Zurich,2/14/09 19:09,de,47.3686498,8.5391825,Zurich,SP,1
RolandScheck,505724394,2187,439,1470,236,Roland Scheck,2/27/12 10:11,de,47.3686498,8.5391825,Zurich,SVP,1
rote_Fee,50958268,1090,195,265,157,Sylvie Fee Matter,6/26/09 7:06,de,47.3686498,8.5391825,Zurich,SP,1
rza1960,476802813,450,296,58,510,Rolf Zaugg,1/28/12 14:18,de,47.3686498,8.5391825,Zurich,FDP,1
samuelbalsiger,40845730,4825,700,737,2001,Samuel Balsiger,5/18/09 9:48,de,47.3686498,8.5391825,Zurich,SVP,1
samuelhaitz,129153002,10638,585,16694,470,sämi,4/3/10 10:10,de,47.3686498,8.5391825,Zurich,SP,1
SchochElisabeth,2210586552,41,31,1,65,Elisabeth Schoch,11/23/13 12:21,de,47.3686498,8.5391825,Zurich,FDP,1
SecondosPlusZH,2455548278,5,53,1,143,Second@s Plus Zürich,4/20/14 21:39,de,47.3686498,8.5391825,Zurich,SP,1
sgilgen,215936438,105,247,31,815,sgilgen,11/15/10 10:18,de,47.3686498,8.5391825,Zurich,SP,1
silvan_amberg,238913030,229,124,5,34,Silvan Amberg,1/16/11 9:49,de,47.3686498,8.5391825,Zurich,FDP,1
silviasteiner,191512726,21,157,18,218,Silvia Steiner,9/16/10 16:54,de,47.3686498,8.5391825,Zurich,CVP,1
SP7und8,1635378410,87,30,0,10,SP 7 und 8,7/31/13 12:29,de,47.3686498,8.5391825,Zurich,SP,1
susanne_brunner,203563165,466,600,1,639,Susanne Brunner,10/16/10 15:25,de,47.3686498,8.5391825,Zurich,SVP,1
sven_zurich,249090301,93,54,39,205,Sven Sobernheim,2/8/11 10:23,de,47.3686498,8.5391825,Zurich,GLP,1
SVP_Stadt_Zueri,331883899,324,457,1,246,SVP Stadt Zürich,7/8/11 21:37,de,47.3686498,8.5391825,Zurich,SVP,1
SVPKaltZH3,571116781,4116,739,1037,1978,Valentin J. Kalt,5/4/12 20:07,de,47.3686498,8.5391825,Zurich,SVP,1
swiss_aramaic,2193872367,629,39,233,83,Viva la vida...,11/24/13 9:25,de,47.3686498,8.5391825,Zurich,SVP,1
team_girod,1209678782,0,11,0,7,Team Girod,2/22/13 20:12,de,47.3686498,8.5391825,Zurich,GPS,1
vzfb,91967575,395,180,0,249,Yves Baer,11/23/09 8:49,de,47.3686498,8.5391825,Zurich,SP,1
wurstundbrot,331221282,1220,424,954,880,Pirmin Meyer,7/7/11 20:49,de,47.3686498,8.5391825,Zurich,GLP,1
zac1967,121068845,27654,2041,1555,1943,Claudio Zanetti,3/8/10 10:36,de,47.3686498,8.5391825,Zurich,SVP,1
Nicolaypolitica,2419160216,18,4,0,21,Gian Linard Nicolay,3/30/14 15:31,de,46.7747002,10.2026997,Ardez,GPS,2
HansMll1988,1884045870,11,71,16,62,Hans Müller,9/19/13 19:04,fr,47.5674422,7.5975507,Basel,SVP,2
EVPBelp,2491744302,2,10,0,88,EVP Belp,5/12/14 17:36,de,46.8927297,7.4981,Belp,EVP,2
svpbelp,915627234,12,15,1,11,SVP Belp,10/30/12 22:31,de,46.8927297,7.4981,Belp,SVP,2
VincentBeringhs,1349271973,0,8,0,17,Vincent Beringhs,4/13/13 13:35,fr,46.46785,6.89397,Blonay,GPS,2
CVP_Chur,719732986,115,22,0,41,Giuliano Racioppi,10/17/13 20:16,de,46.8572621,9.5267305,Chur,CVP,2
etquoiencore,366013236,18,31,0,50,Burri André,9/1/11 12:24,fr,47.3657457,7.3452125,Delémont,CVP,2
FranzGrueter,1140570679,1,50,0,10,FranzGrueter,2/1/13 19:42,de,47.15713,8.169308,Eich,SVP,2
HaenggiThomas,487746246,0,6,0,5,Thomas Hänggi,2/9/12 18:01,de,47.18726,8.74811,Feusisberg,SVP,2
CVP_FR,132469536,4,23,0,0,Sekretariat,4/13/10 9:41,de,46.8016663,7.1455683,Fribourg,CVP,2
Vertliberaux_GE,1266518029,192,100,0,7,Vert'libéraux Genève,3/14/13 8:10,fr,46.1983922,6.1422961,Geneva,GLP,2
SoLochet,76325379,130,61,0,105,Sophie Lochet,9/22/09 12:56,fr,46.1983922,6.1422961,Geneva,SP,2
RogerDeneys,282036814,23,85,0,24,Roger Deneys,4/14/11 12:44,fr,46.1983922,6.1422961,Geneva,SP,2
AdrienFaure_IRL,563234329,1,27,0,11,Adrien Faure,4/25/12 22:14,fr,46.1983922,6.1422961,Geneva,SP,2
JSSF2,1223052469,1,15,0,30,JSSF,2/26/13 21:56,fr,46.1983922,6.1422961,Geneva,SP,2
dsormanni,1030292018,7,12,1,8,Daniel Sormanni,12/23/12 10:19,fr,46.1983922,6.1422961,Geneva,RR,2
Matindenaples,214692112,8277,3157,3,3152,David Lyon,11/12/10 0:38,fr,46.1983922,6.1422961,Geneva,SVP,2
leyvrazrosell,1400260478,1,9,0,3,Leyvraz Eric,5/3/13 17:23,fr,46.1983922,6.1422961,Geneva,SVP,2
PatrikMauchle,428929198,145,10,0,6,Patrik Mauchle,12/5/11 10:34,de,47.4138069,9.2579168,Gossau,CVP,2
brueckenpeter,156024122,39,10,0,5,Dütschler Peter,6/15/10 20:33,de,46.747135,7.648429,Hünibach,FDP,2
PLR_Jura,129249123,18,62,0,11,PLRJ,4/3/10 17:22,fr,47.35667,7.159889,Jura,FDP,2
PaulWiniker,354476421,10,42,0,8,Paul Winiker,8/13/11 19:48,de,47.0335368,8.2818294,Kriens,SVP,2
theoo12,87218286,2,11,0,10,Théo Bregnard,11/3/09 15:49,fr,47.111833,6.838226,La Chaux-De-Fonds,RL,2
vertsdelancy,236559858,67,19,0,8,vertsdelancy,1/10/11 21:38,fr,46.1865184,6.1220857,Lancy,GPS,2
TheEzorn,467656223,262,64,186,57,Florent Brandani,1/18/12 18:13,fr,46.5199617,6.6335971,Lausanne,FDP,2
Zalio21,942206689,62,26,1,62,Alex Porret,11/11/12 20:48,fr,47.0593591,6.7511116,Le Locle,SP,2
MartineDocourt,1295392842,0,6,0,0,Martine Docourt,3/24/13 14:11,fr,46.9813004,6.8958101,Neuchatel,SP,2
ChristaCalpini,1938801468,1,8,0,8,calpini christa,10/5/13 21:00,fr,46.5017014,6.7828102,Puidoux,FDP,2
FMMonney,439556199,33,21,2,8,François M. Monney,12/17/11 22:55,fr,46.5093,6.6616,Pully,BDP,2
PLRradicaux,238103770,25,12,1,1,PLR.Les Radicaux,1/14/11 11:09,fr,46.5093,6.6616,Pully,FDP,2
MumenthalerA,582900170,81,22,0,25,Mumenthaler Annie,5/17/12 16:00,fr,46.5093,6.6616,Pully,SVP,2
HansjorgAmacker,370345772,12,5,0,4,Hansjoerg Amacker,9/8/11 21:33,de,47.1707993,8.9737902,Reichenburg,SP,2
judithuebersax,310076095,0,20,0,15,Judith Uebersax,6/3/11 4:44,de,47.081002,8.633486,Sattel,SVP,2
WahlenSH12,556899365,418,36,165,13,WahlenSH12,4/18/12 14:16,de,47.7077664,8.6414424,Schaffhausen,SP,2
Stephan_Landolt,372021779,9,18,0,4,Stephan Landolt,9/12/11 0:00,de,47.0198346,8.6473977,Schwyz,CVP,2
FranzRutz,497328784,7,8,0,6,Franz Rutz,2/19/12 21:35,de,46.818188,8.227512,Switzerland,CVP,2
AlainNicolet,391945592,1,16,0,5,Alain Nicolet,10/16/11 10:11,fr,46.1864014,6.1897202,Thônex,FDP,2
ReneGutknecht,893798078,0,13,0,7,Gutknecht René,10/20/12 18:41,de,47.3869051,8.4254167,Urdorf,GLP,2
BarbaraThalmann,337772184,1,2,0,0,Barbara Thalmann,7/18/11 15:17,de,47.3484905,8.7175286,Uster,SP,2
PLRVSG,140930988,2,23,0,2,PLR-Villars-sur-Glân,5/6/10 18:50,fr,46.7997354,7.1282096,Villars-sur-Glâne,FDP,2
PDC_Villars,271419585,158,8,0,4,PDC Villars-sur-Glân,3/24/11 13:35,fr,46.7997354,7.1282096,Villars-sur-Glâne,CVP,2
WalterMDuss,315831125,17,14,0,19,Walter Duss,6/12/11 14:28,de,47.4514198,9.0359097,Wilen,SVP,2
markuswenger,266023893,0,38,0,53,Markus Wenger ,3/14/11 14:28,de,47.49995,8.7375646,Winterthur,FDP,2
BergerWthur,472372843,117,83,9,55,David Berger,1/23/12 21:48,de,47.49995,8.7375646,Winterthur,RL,2
HauensteinCVPSZ,490642138,12,10,0,4,Markus Hauenstein,2/12/12 19:21,de,47.1954994,8.7205,Wollerau,CVP,2
CVPStadtZug,409764831,41,65,0,7,CVP Stadt Zug,11/11/11 5:50,de,47.1767007,8.5088658,Zug,CVP,2
aemsfaescht,2379967755,13,40,3,16,äms fäscht,3/3/14 18:25,de,47.3686498,8.5391825,Zurich,RL,2
ALzuerinord,1520176104,48,25,11,8,AL zürinord,6/15/13 19:13,de,47.3686498,8.5391825,Zurich,RL,2